Workbook

Sheet HARIAN WAJIB DIISI
A1: LAPJUSIK HARIAN
A3: PEKERJAAN | D3: : PEMBANGUNAN KOPERASI MERAH PUTIH PT. AGRINAS PANGAN NUSANTARA (PERSERO)
A4: LOKASI | D4: : PROVINSI JAWA TENGAH
A5: TAHUN ANGGARAN | D5: : 2025
A7: NO | B7: URAIAN PEKERJAAN | F7: VOLUME | G7: SATUAN | H7: HARGA SATUAN | I7: JUMLAH HARGA SATUAN | J7: NILAI BOBOT (%) | K7: NOVEMBER | AO7: DESEMBER | BT7: JANUARI
K8: SAB | L8: MING | M8: SEN | N8: SEL | O8: RAB | P8: KAM | Q8: JUM | R8: SAB | S8: MING | T8: SEN | U8: SEL | V8: RAB | W8: KAM | X8: JUM | Y8: SAB | Z8: MING | AA8: SEN | AB8: SEL | AC8: RAB | AD8: KAM | AE8: JUM | AF8: SAB | AG8: MING | AH8: SEN | AI8: SEL | AJ8: RAB | AK8: KAM | AL8: JUM | AM8: SAB | AN8: MING | AO8: SEN | AP8: SEL | AQ8: RAB | AR8: KAM | AS8: JUM | AT8: SAB | AU8: MING | AV8: SEN | AW8: SEL | AX8: RAB | AY8: KAM | AZ8: JUM | BA8: SAB | BB8: MING | BC8: SEN | BD8: SEL | BE8: RAB | BF8: KAM | BG8: JUM | BH8: SAB | BI8: MING | BJ8: SEN | BK8: SEL | BL8: RAB | BM8: KAM | BN8: JUM | BO8: SAB | BP8: MING | BQ8: SEN | BR8: SEL | BS8: RAB | BT8: KAM | BU8: JUM | BV8: SAB | BW8: MING | BX8: SEN | BY8: SEL | BZ8: RAB | CA8: KAM | CB8: JUM | CC8: SAB | CD8: MING | CE8: SEN | CF8: SEL | CG8: RAB | CH8: KAM | CI8: JUM | CJ8: SAB | CK8: MING | CL8: SEN | CM8: SEL | CN8: RAB | CO8: KAM | CP8: JUM | CQ8: SAB | CR8: MING | CS8: SEN | CT8: SEL | CU8: RAB | CV8: KAM | CW8: JUM | CX8: SAB
H9: (Rp) | I9: (Rp) | K9: 1 | L9: 2 | M9: 3 | N9: 4 | O9: 5 | P9: 6 | Q9: 7 | R9: 8 | S9: 9 | T9: 10 | U9: 11 | V9: 12 | W9: 13 | X9: 14 | Y9: 15 | Z9: 16 | AA9: 17 | AB9: 18 | AC9: 19 | AD9: 20 | AE9: 21 | AF9: 22 | AG9: 23 | AH9: 24 | AI9: 25 | AJ9: 26 | AK9: 27 | AL9: 28 | AM9: 29 | AN9: 30 | AO9: 1 | AP9: 2 | AQ9: 3 | AR9: 4 | AS9: 5 | AT9: 6 | AU9: 7 | AV9: 8 | AW9: 9 | AX9: 10 | AY9: 11 | AZ9: 12 | BA9: 13 | BB9: 14 | BC9: 15 | BD9: 16 | BE9: 17 | BF9: 18 | BG9: 19 | BH9: 20 | BI9: 21 | BJ9: 22 | BK9: 23 | BL9: 24 | BM9: 25 | BN9: 26 | BO9: 27 | BP9: 28 | BQ9: 29 | BR9: 30 | BS9: 31 | BT9: 1 | BU9: 2 | BV9: 3 | BW9: 4 | BX9: 5 | BY9: 6 | BZ9: 7 | CA9: 8 | CB9: 9 | CC9: 10 | CD9: 11 | CE9: 12 | CF9: 13 | CG9: 14 | CH9: 15 | CI9: 16 | CJ9: 17 | CK9: 18 | CL9: 19 | CM9: 20 | CN9: 21 | CO9: 22 | CP9: 23 | CQ9: 24 | CR9: 25 | CS9: 26 | CT9: 27 | CU9: 28 | CV9: 29 | CW9: 30 | CX9: 31
A11: I | B11: PEKERJAAN PERSIAPAN | I11: =SUM(I12:I13) -> 21788295
A12: 1 | B12: Pengukuran dan pasang bouwplank | F12: 60.3 | G12: m' | H12: 78900 | I12: =H12*F12 -> 4757670 | J12: =I12/I$364*100 -> 0.4757659 | K12: 100
A13: 2 | B13: Pembersihan lahan awal sampai akhir pekerjaan | F13: 908.3 | G13: m² | H13: 18750 | I13: =H13*F13 -> 17030625 | J13: =I13/I$364*100 -> 1.7030586 | L13: 50 | M13: 50
A15: II | B15: PEKERJAAN STRUKTUR
B16: II.1 Pekerjaan Struktur Bawah | I16: =SUM(I17:I65) -> 1.6194539e+08
A17: 1 | B17: Pekerjaan galian tanah pondasi footplat | F17: 70.78 | G17: m³ | H17: 70180 | I17: =H17*F17 -> 4967340.4 | J17: =I17/I$364*100 -> 0.49673289 | L17: 100
A18: 2 | B18: Pekerjaan urugan tanah kembali pondasi footplat | F18: 18.594 | G18: m³ | H18: 46750 | I18: =H18*F18 -> 869269.5 | J18: =I18/I$364*100 -> 0.08692675 | M18: 100
A19: 3 | B19: Pekerjaan lantai kerja bawah pondasi footplat | F19: 2.32425 | G19: m³ | H19: 735328 | I19: =H19*F19 -> 1709086.1 | J19: =I19/I$364*100 -> 0.17090822 | N19: 100
A20: 4 | B20: Pekerjaan galian tanah pondasi batu belah | F20: 19.8 | G20: m³ | H20: 70180 | I20: =H20*F20 -> 1389564 | J20: =I20/I$364*100 -> 0.13895608 | O20: 100
A21: 5 | B21: Pekerjaan lantai kerja bawah pondasi batu belah | F21: 4.65 | G21: m³ | H21: 735328 | I21: =H21*F21 -> 3419275.2 | J21: =I21/I$364*100 -> 0.34192673 | O21: 100
A22: 6 | B22: Pekerjaan pondasi batu belah | F22: 27.9 | G22: m³ | H22: 654079.58 | I22: =H22*F22 -> 18248820 | J22: =I22/I$364*100 -> 1.8248778 | P22: 50 | Q22: 50
A23: 7 | B23: Pekerjaan urugan tanah peninggian lantai termasuk pemadatan tanah | F23: 256 | G23: m³ | H23: 65802 | I23: =H23*F23 -> 16845312 | J23: =I23/I$364*100 -> 1.6845273 | R23: 50 | S23: 50
A24: 8 | B24: Pekerjaan pondasi footplat tipe F1a
B25: - Pekerjaan beton K-225 | F25: 5.76 | G25: m³ | H25: 772596 | I25: =H25*F25 -> 4450153 | J25: =I25/I$364*100 -> 0.44501427
B26: - Pekerjaan bekisting pondasi | F26: 7 | G26: m² | H26: 87929.63 | I26: =H26*F26 -> 615507.41 | J26: =I26/I$364*100 -> 0.061550599
B27: - Pekerjaan pembesian ulir | F27: 180.52116 | G27: kg | H27: 12818.52 | I27: =H27*F27 -> 2314014.1 | J27: =I27/I$364*100 -> 0.23140088
B28: - Pekerjaan pembesian polos | F28: 90.016497 | G28: kg | H28: 11876.74 | I28: =H28*F28 -> 1069102.5 | J28: =I28/I$364*100 -> 0.10691001
A29: 9 | B29: Pekerjaan pondasi footplat tipe F1b
B30: - Pekerjaan beton K-225 | F30: 4.55 | G30: m³ | H30: =H25 -> 772596 | I30: =H30*F30 -> 3515311.8 | J30: =I30/I$364*100 -> 0.35153037
B31: - Pekerjaan bekisting pondasi | F31: 9 | G31: m² | H31: =H26 -> 87929.63 | I31: =H31*F31 -> 791366.67 | J31: =I31/I$364*100 -> 0.079136485
B32: - Pekerjaan pembesian ulir | F32: 232.09864 | G32: kg | H32: =H27 -> 12818.52 | I32: =H32*F32 -> 2975161 | J32: =I32/I$364*100 -> 0.29751542
B33: - Pekerjaan pembesian polos | F33: 121.03838 | G33: kg | H33: =H28 -> 11876.74 | I33: =H33*F33 -> 1437541.4 | J33: =I33/I$364*100 -> 0.14375381
A34: 10 | B34: Pekerjaan pondasi footplat tipe F1c
B35: - Pekerjaan beton K-225 | F35: 0.78875 | G35: m³ | H35: =H30 -> 772596 | I35: =H35*F35 -> 609385.1 | J35: =I35/I$364*100 -> 0.060938369
B36: - Pekerjaan bekisting pondasi | F36: 2 | G36: m² | H36: =H31 -> 87929.63 | I36: =H36*F36 -> 175859.26 | J36: =I36/I$364*100 -> 0.017585885
B37: - Pekerjaan pembesian ulir | F37: 51.577475 | G37: kg | H37: =H32 -> 12818.52 | I37: =H37*F37 -> 661146.9 | J37: =I37/I$364*100 -> 0.066114537
B38: - Pekerjaan pembesian polos | F38: 26.897418 | G38: kg | H38: =H33 -> 11876.74 | I38: =H38*F38 -> 319453.64 | J38: =I38/I$364*100 -> 0.031945291
A39: 11 | B39: Pekerjaan pondasi footplat tipe F2
B40: - Pekerjaan beton K-225 | F40: 1.512 | G40: m³ | H40: =H35 -> 772596 | I40: =H40*F40 -> 1168165.2 | J40: =I40/I$364*100 -> 0.11681625
B41: - Pekerjaan bekisting pondasi | F41: 4.8 | G41: m² | H41: =H36 -> 87929.63 | I41: =H41*F41 -> 422062.22 | J41: =I41/I$364*100 -> 0.042206125
B42: - Pekerjaan pembesian ulir | F42: 103.13828 | G42: kg | H42: =H37 -> 12818.52 | I42: =H42*F42 -> 1322080.1 | J42: =I42/I$364*100 -> 0.13220771
B43: - Pekerjaan pembesian polos | F43: 51.835715 | G43: kg | H43: =H38 -> 11876.74 | I43: =H43*F43 -> 615639.3 | J43: =I43/I$364*100 -> 0.061563789
A44: 12 | B44: Pekerjaan kolom pedestal tipe K1a ukuran 25 x 30 cm
B45: - Pekerjaan beton K-225 | F45: 0.42 | G45: m³ | H45: =H40 -> 772596 | I45: =H45*F45 -> 324490.32 | J45: =I45/I$364*100 -> 0.032448957
B46: - Pekerjaan bekisting kolom | F46: 6.16 | G46: m² | H46: 87929.63 | I46: =H46*F46 -> 541646.52 | J46: =I46/I$364*100 -> 0.054164527
B47: - Pekerjaan pembesian ulir | F47: 84.017606 | G47: kg | H47: =H42 -> 12818.52 | I47: =H47*F47 -> 1076981.4 | J47: =I47/I$364*100 -> 0.10769789
B48: - Pekerjaan pembesian polos | F48: 33.010468 | G48: kg | H48: =H43 -> 11876.74 | I48: =H48*F48 -> 392056.74 | J48: =I48/I$364*100 -> 0.039205584
A49: 13 | B49: Pekerjaan kolom pedestal tipe K1b ukuran 25 x 30 cm
B50: - Pekerjaan beton K-225 | F50: 2.77 | G50: m³ | H50: =H45 -> 772596 | I50: =H50*F50 -> 2140090.9 | J50: =I50/I$364*100 -> 0.2140086
B51: - Pekerjaan bekisting kolom | F51: 21.56 | G51: m² | H51: =H46 -> 87929.63 | I51: =H51*F51 -> 1895762.8 | J51: =I51/I$364*100 -> 0.18957585
B52: - Pekerjaan pembesian ulir | F52: 294.06162 | G52: kg | H52: =H47 -> 12818.52 | I52: =H52*F52 -> 3769434.8 | J52: =I52/I$364*100 -> 0.37694261
B53: - Pekerjaan pembesian polos | F53: 230.01 | G53: kg | H53: =H48 -> 11876.74 | I53: =H53*F53 -> 2731769 | J53: =I53/I$364*100 -> 0.27317627
A54: 14 | B54: Pekerjaan kolom pedestal K2 ukuran 20 x 20 cm
B55: - Pekerjaan beton K-225 | F55: 0.336 | G55: m³ | H55: =H50 -> 772596 | I55: =H55*F55 -> 259592.26 | J55: =I55/I$364*100 -> 0.025959166
B56: - Pekerjaan bekisting kolom | F56: 6.72 | G56: m² | H56: =H51 -> 87929.63 | I56: =H56*F56 -> 590887.11 | J56: =I56/I$364*100 -> 0.059088575
B57: - Pekerjaan pembesian ulir | F57: 63.013205 | G57: kg | H57: =H52 -> 12818.52 | I57: =H57*F57 -> 807736.03 | J57: =I57/I$364*100 -> 0.080773416
B58: - Pekerjaan pembesian polos | F58: 34.601334 | G58: kg | H58: =H53 -> 11876.74 | I58: =H58*F58 -> 410951.04 | J58: =I58/I$364*100 -> 0.04109501
A59: 15 | B59: Pekerjaan sloof 15 x 25 cm
B60: - Pekerjaan beton K-225 | F60: 7.91 | G60: m³ | H60: =H55 -> 772596 | I60: =H60*F60 -> 6111234.4 | J60: =I60/I$364*100 -> 0.61112203
B61: - Pekerjaan bekisting sloof | F61: 77.5 | G61: m² | H61: 87929.63 | I61: =H61*F61 -> 6814546.3 | J61: =I61/I$364*100 -> 0.68145306
B62: - Pekerjaan pembesian ulir | F62: 645.9687 | G62: kg | H62: =H57 -> 12818.52 | I62: =H62*F62 -> 8280362.7 | J62: =I62/I$364*100 -> 0.82803436
B63: - Pekerjaan pembesian polos | F63: 235.67542 | G63: kg | H63: =H58 -> 11876.74 | I63: =H63*F63 -> 2799055.7 | J63: =I63/I$364*100 -> 0.27990493
A64: 16 | B64: Pekerjaan wiremesh 1 layer M 8 | F64: 457.259 | G64: m² | H64: 30000 | I64: =H64*F64 -> 13717770 | J64: =I64/I$364*100 -> 1.3717738
A65: 17 | B65: Pekerjaan plat lantai dasar beton K-175 tebal 10 cm | F65: 52.73 | G65: m³ | H65: 746641.5 | I65: =H65*F65 -> 39370406 | J65: =I65/I$364*100 -> 3.9370316
B67: II.2 Pekerjaan Struktur Atas
B68: II.2.1 Pekerjaan Struktur Bangunan | I68: =SUM(I70:I162) -> 98001911
A69: 1 | B69: Pekerjaan kolom tipe K1a ukuran 25 x 30 cm elv. +4.00
B70: - Pekerjaan beton K-225 | F70: 0.6 | G70: m³ | H70: =H50 -> 772596 | I70: =H70*F70 -> 463557.6 | J70: =I70/I$364*100 -> 0.046355653
B71: - Pekerjaan bekisting kolom | F71: 8.8 | G71: m² | H71: =H51 -> 87929.63 | I71: =H71*F71 -> 773780.74 | J71: =I71/I$364*100 -> 0.077377896
B72: - Pekerjaan pembesian ulir | F72: 75.349123 | G72: kg | H72: =H52 -> 12818.52 | I72: =H72*F72 -> 965864.24 | J72: =I72/I$364*100 -> 0.096586202
B73: - Pekerjaan pembesian polos | F73: 32.224504 | G73: kg | H73: =H53 -> 11876.74 | I73: =H73*F73 -> 382722.06 | J73: =I73/I$364*100 -> 0.038272118
A74: 2 | B74: Pekerjaan kolom tipe K1a ukuran 25 x 30 cm elv. +2.00
B75: - Pekerjaan beton K-225 | F75: 0.3 | G75: m³ | H75: =H70 -> 772596 | I75: =H75*F75 -> 231778.8 | J75: =I75/I$364*100 -> 0.023177827
B76: - Pekerjaan bekisting kolom | F76: 4.4 | G76: m² | H76: =H71 -> 87929.63 | I76: =H76*F76 -> 386890.37 | J76: =I76/I$364*100 -> 0.038688948
B77: - Pekerjaan pembesian ulir | F77: 42.008803 | G77: kg | H77: =H72 -> 12818.52 | I77: =H77*F77 -> 538490.68 | J77: =I77/I$364*100 -> 0.053848944
B78: - Pekerjaan pembesian polos | F78: 16.505234 | G78: kg | H78: =H73 -> 11876.74 | I78: =H78*F78 -> 196028.37 | J78: =I78/I$364*100 -> 0.019602792
A79: 3 | B79: Pekerjaan kolom tipe K1b ukuran 25 x 30 cm elv. +4.00
B80: - Pekerjaan beton K-225 | F80: 2.1 | G80: m³ | H80: =H75 -> 772596 | I80: =H80*F80 -> 1622451.6 | J80: =I80/I$364*100 -> 0.16224479
B81: - Pekerjaan bekisting kolom | F81: 30.8 | G81: m² | H81: =H76 -> 87929.63 | I81: =H81*F81 -> 2708232.6 | J81: =I81/I$364*100 -> 0.27082264
B82: - Pekerjaan pembesian ulir | F82: 263.72193 | G82: kg | H82: =H77 -> 12818.52 | I82: =H82*F82 -> 3380524.8 | J82: =I82/I$364*100 -> 0.33805171
B83: - Pekerjaan pembesian polos | F83: 112.78577 | G83: kg | H83: =H78 -> 11876.74 | I83: =H83*F83 -> 1339527.2 | J83: =I83/I$364*100 -> 0.13395241
A84: 4 | B84: Pekerjaan kolom tipe K1b ukuran 25 x 30 cm elv. +2.00
B85: - Pekerjaan beton K-225 | F85: 1.05 | G85: m³ | H85: =H80 -> 772596 | I85: =H85*F85 -> 811225.8 | J85: =I85/I$364*100 -> 0.081122393
B86: - Pekerjaan bekisting kolom | F86: 38.4 | G86: m² | H86: =H81 -> 87929.63 | I86: =H86*F86 -> 3376497.8 | J86: =I86/I$364*100 -> 0.337649
B87: - Pekerjaan pembesian ulir | F87: 147.03081 | G87: kg | H87: =H82 -> 12818.52 | I87: =H87*F87 -> 1884717.4 | J87: =I87/I$364*100 -> 0.1884713
B88: - Pekerjaan pembesian polos | F88: 137.77 | G88: kg | H88: =H83 -> 11876.74 | I88: =H88*F88 -> 1636258.5 | J88: =I88/I$364*100 -> 0.16362547
A89: 5 | B89: Pekerjaan kolom tipe K2 ukuran 20 x 20 cm elv. +4.00
B90: - Pekerjaan beton K-225 | F90: 0.32 | G90: m³ | H90: =H85 -> 772596 | I90: =H90*F90 -> 247230.72 | J90: =I90/I$364*100 -> 0.024723015
B91: - Pekerjaan bekisting kolom | F91: 6.4 | G91: m² | H91: =H86 -> 87929.63 | I91: =H91*F91 -> 562749.63 | J91: =I91/I$364*100 -> 0.056274833
B92: - Pekerjaan pembesian ulir | F92: 37.674562 | G92: kg | H92: =H87 -> 12818.52 | I92: =H92*F92 -> 482932.12 | J92: =I92/I$364*100 -> 0.048293101
B93: - Pekerjaan pembesian polos | F93: 22.518328 | G93: kg | H93: =H88 -> 11876.74 | I93: =H93*F93 -> 267444.33 | J93: =I93/I$364*100 -> 0.026744371
A94: 6 | B94: Pekerjaan kolom tipe K2 ukuran 20 x 20 cm elv. +3.20
B95: - Pekerjaan beton K-225 | F95: 0.128 | G95: m³ | H95: =H90 -> 772596 | I95: =H95*F95 -> 98892.288 | J95: =I95/I$364*100 -> 0.009889206
B96: - Pekerjaan bekisting kolom | F96: 2.56 | G96: m² | H96: =H91 -> 87929.63 | I96: =H96*F96 -> 225099.85 | J96: =I96/I$364*100 -> 0.022509933
B97: - Pekerjaan pembesian ulir | F97: 15.503249 | G97: kg | H97: =H92 -> 12818.52 | I97: =H97*F97 -> 198728.7 | J97: =I97/I$364*100 -> 0.019872825
B98: - Pekerjaan pembesian polos | F98: 9.0622541 | G98: kg | H98: =H93 -> 11876.74 | I98: =H98*F98 -> 107630.04 | J98: =I98/I$364*100 -> 0.010762979
A99: 7 | B99: Pekerjaan kolom tipe K2 ukuran 20 x 20 cm elv. +2.00
B100: - Pekerjaan beton K-225 | F100: 0.24 | G100: m³ | H100: =H95 -> 772596 | I100: =H100*F100 -> 185423.04 | J100: =I100/I$364*100 -> 0.018542261
B101: - Pekerjaan bekisting kolom | F101: 4.8 | G101: m² | H101: =H96 -> 87929.63 | I101: =H101*F101 -> 422062.22 | J101: =I101/I$364*100 -> 0.042206125
B102: - Pekerjaan pembesian ulir | F102: 31.506602 | G102: kg | H102: =H97 -> 12818.52 | I102: =H102*F102 -> 403868.01 | J102: =I102/I$364*100 -> 0.040386708
B103: - Pekerjaan pembesian polos | F103: 17.300667 | G103: kg | H103: =H98 -> 11876.74 | I103: =H103*F103 -> 205475.52 | J103: =I103/I$364*100 -> 0.020547505
A104: 8 | B104: Pekerjaan kolom tipe Kp ukuran 12 x 12
B105: - Pekerjaan beton K-225 | F105: 2.304 | G105: m³ | H105: =H100 -> 772596 | I105: =H105*F105 -> 1780061.2 | J105: =I105/I$364*100 -> 0.17800571
...

Sheet HARIAN KOMULATIF
A1: LAPJUSIK HARIAN
A3: PEKERJAAN | D3: : PEMBANGUNAN KOPERASI MERAH PUTIH PT. AGRINAS PANGAN NUSANTARA (PERSERO)
A4: LOKASI | D4: : PROVINSI JAWA TENGAH
A5: TAHUN ANGGARAN | D5: : 2025
A7: NO | B7: URAIAN PEKERJAAN | F7: VOLUME | G7: SATUAN | H7: HARGA SATUAN | I7: JUMLAH HARGA SATUAN | J7: NILAI BOBOT (%) | K7: NOVEMBER | AO7: DESEMBER | BT7: JANUARI
K8: SAB | L8: MING | M8: SEN | N8: SEL | O8: RAB | P8: KAM | Q8: JUM | R8: SAB | S8: MING | T8: SEN | U8: SEL | V8: RAB | W8: KAM | X8: JUM | Y8: SAB | Z8: MING | AA8: SEN | AB8: SEL | AC8: RAB | AD8: KAM | AE8: JUM | AF8: SAB | AG8: MING | AH8: SEN | AI8: SEL | AJ8: RAB | AK8: KAM | AL8: JUM | AM8: SAB | AN8: MING | AO8: SEN | AP8: SEL | AQ8: RAB | AR8: KAM | AS8: JUM | AT8: SAB | AU8: MING | AV8: SEN | AW8: SEL | AX8: RAB | AY8: KAM | AZ8: JUM | BA8: SAB | BB8: MING | BC8: SEN | BD8: SEL | BE8: RAB | BF8: KAM | BG8: JUM | BH8: SAB | BI8: MING | BJ8: SEN | BK8: SEL | BL8: RAB | BM8: KAM | BN8: JUM | BO8: SAB | BP8: MING | BQ8: SEN | BR8: SEL | BS8: RAB | BT8: KAM | BU8: JUM | BV8: SAB | BW8: MING | BX8: SEN | BY8: SEL | BZ8: RAB | CA8: KAM | CB8: JUM | CC8: SAB | CD8: MING | CE8: SEN | CF8: SEL | CG8: RAB | CH8: KAM | CI8: JUM | CJ8: SAB | CK8: MING | CL8: SEN | CM8: SEL | CN8: RAB | CO8: KAM | CP8: JUM | CQ8: SAB | CR8: MING | CS8: SEN | CT8: SEL | CU8: RAB | CV8: KAM | CW8: JUM | CX8: SAB
H9: (Rp) | I9: (Rp) | K9: 1 | L9: 2 | M9: 3 | N9: 4 | O9: 5 | P9: 6 | Q9: 7 | R9: 8 | S9: 9 | T9: 10 | U9: 11 | V9: 12 | W9: 13 | X9: 14 | Y9: 15 | Z9: 16 | AA9: 17 | AB9: 18 | AC9: 19 | AD9: 20 | AE9: 21 | AF9: 22 | AG9: 23 | AH9: 24 | AI9: 25 | AJ9: 26 | AK9: 27 | AL9: 28 | AM9: 29 | AN9: 30 | AO9: 1 | AP9: 2 | AQ9: 3 | AR9: 4 | AS9: 5 | AT9: 6 | AU9: 7 | AV9: 8 | AW9: 9 | AX9: 10 | AY9: 11 | AZ9: 12 | BA9: 13 | BB9: 14 | BC9: 15 | BD9: 16 | BE9: 17 | BF9: 18 | BG9: 19 | BH9: 20 | BI9: 21 | BJ9: 22 | BK9: 23 | BL9: 24 | BM9: 25 | BN9: 26 | BO9: 27 | BP9: 28 | BQ9: 29 | BR9: 30 | BS9: 31 | BT9: 1 | BU9: 2 | BV9: 3 | BW9: 4 | BX9: 5 | BY9: 6 | BZ9: 7 | CA9: 8 | CB9: 9 | CC9: 10 | CD9: 11 | CE9: 12 | CF9: 13 | CG9: 14 | CH9: 15 | CI9: 16 | CJ9: 17 | CK9: 18 | CL9: 19 | CM9: 20 | CN9: 21 | CO9: 22 | CP9: 23 | CQ9: 24 | CR9: 25 | CS9: 26 | CT9: 27 | CU9: 28 | CV9: 29 | CW9: 30 | CX9: 31
A11: I | B11: PEKERJAAN PERSIAPAN | I11: =SUM(I12:I13) -> 21788295
A12: 1 | B12: Pengukuran dan pasang bouwplank | F12: 60.3 | G12: m' | H12: 78900 | I12: =H12*F12 -> 4757670 | J12: =I12/I$364*100 -> 0.4757659 | K12: ='HARIAN WAJIB DIISI'!K12 -> 100 | L12: =K12+'HARIAN WAJIB DIISI'!L12 -> 100 | M12: =L12+'HARIAN WAJIB DIISI'!M12 -> 100 | N12: =M12+'HARIAN WAJIB DIISI'!N12 -> 100 | O12: =N12+'HARIAN WAJIB DIISI'!O12 -> 100 | P12: =O12+'HARIAN WAJIB DIISI'!P12 -> 100 | Q12: =P12+'HARIAN WAJIB DIISI'!Q12 -> 100 | R12: =Q12+'HARIAN WAJIB DIISI'!R12 -> 100 | S12: =R12+'HARIAN WAJIB DIISI'!S12 -> 100 | ... CX12: =CW12+'HARIAN WAJIB DIISI'!CX12 -> 100
A13: 2 | B13: Pembersihan lahan awal sampai akhir pekerjaan | F13: 908.3 | G13: m² | H13: 18750 | I13: =H13*F13 -> 17030625 | J13: =I13/I$364*100 -> 1.7030586 | K13: ='HARIAN WAJIB DIISI'!K13 -> 0 | L13: =K13+'HARIAN WAJIB DIISI'!L13 -> 50 | M13: =L13+'HARIAN WAJIB DIISI'!M13 -> 100 | N13: =M13+'HARIAN WAJIB DIISI'!N13 -> 100 | O13: =N13+'HARIAN WAJIB DIISI'!O13 -> 100 | P13: =O13+'HARIAN WAJIB DIISI'!P13 -> 100 | Q13: =P13+'HARIAN WAJIB DIISI'!Q13 -> 100 | R13: =Q13+'HARIAN WAJIB DIISI'!R13 -> 100 | S13: =R13+'HARIAN WAJIB DIISI'!S13 -> 100 | ... CX13: =CW13+'HARIAN WAJIB DIISI'!CX13 -> 100
K14: ='HARIAN WAJIB DIISI'!K14 -> 0 | L14: =K14+'HARIAN WAJIB DIISI'!L14 -> 0 | M14: =L14+'HARIAN WAJIB DIISI'!M14 -> 0 | N14: =M14+'HARIAN WAJIB DIISI'!N14 -> 0 | O14: =N14+'HARIAN WAJIB DIISI'!O14 -> 0 | P14: =O14+'HARIAN WAJIB DIISI'!P14 -> 0 | Q14: =P14+'HARIAN WAJIB DIISI'!Q14 -> 0 | R14: =Q14+'HARIAN WAJIB DIISI'!R14 -> 0 | S14: =R14+'HARIAN WAJIB DIISI'!S14 -> 0 | ... CX14: =CW14+'HARIAN WAJIB DIISI'!CX14 -> 0
A15: II | B15: PEKERJAAN STRUKTUR | K15: ='HARIAN WAJIB DIISI'!K15 -> 0 | L15: =K15+'HARIAN WAJIB DIISI'!L15 -> 0 | M15: =L15+'HARIAN WAJIB DIISI'!M15 -> 0 | N15: =M15+'HARIAN WAJIB DIISI'!N15 -> 0 | O15: =N15+'HARIAN WAJIB DIISI'!O15 -> 0 | P15: =O15+'HARIAN WAJIB DIISI'!P15 -> 0 | Q15: =P15+'HARIAN WAJIB DIISI'!Q15 -> 0 | R15: =Q15+'HARIAN WAJIB DIISI'!R15 -> 0 | S15: =R15+'HARIAN WAJIB DIISI'!S15 -> 0 | ... CX15: =CW15+'HARIAN WAJIB DIISI'!CX15 -> 0
B16: II.1 Pekerjaan Struktur Bawah | I16: =SUM(I17:I65) -> 1.6194539e+08 | K16: ='HARIAN WAJIB DIISI'!K16 -> 0 | L16: =K16+'HARIAN WAJIB DIISI'!L16 -> 0 | M16: =L16+'HARIAN WAJIB DIISI'!M16 -> 0 | N16: =M16+'HARIAN WAJIB DIISI'!N16 -> 0 | O16: =N16+'HARIAN WAJIB DIISI'!O16 -> 0 | P16: =O16+'HARIAN WAJIB DIISI'!P16 -> 0 | Q16: =P16+'HARIAN WAJIB DIISI'!Q16 -> 0 | R16: =Q16+'HARIAN WAJIB DIISI'!R16 -> 0 | S16: =R16+'HARIAN WAJIB DIISI'!S16 -> 0 | ... CX16: =CW16+'HARIAN WAJIB DIISI'!CX16 -> 0
A17: 1 | B17: Pekerjaan galian tanah pondasi footplat | F17: 70.78 | G17: m³ | H17: 70180 | I17: =H17*F17 -> 4967340.4 | J17: =I17/I$364*100 -> 0.49673289 | K17: ='HARIAN WAJIB DIISI'!K17 -> 0 | L17: =K17+'HARIAN WAJIB DIISI'!L17 -> 100 | M17: =L17+'HARIAN WAJIB DIISI'!M17 -> 100 | N17: =M17+'HARIAN WAJIB DIISI'!N17 -> 100 | O17: =N17+'HARIAN WAJIB DIISI'!O17 -> 100 | P17: =O17+'HARIAN WAJIB DIISI'!P17 -> 100 | Q17: =P17+'HARIAN WAJIB DIISI'!Q17 -> 100 | R17: =Q17+'HARIAN WAJIB DIISI'!R17 -> 100 | S17: =R17+'HARIAN WAJIB DIISI'!S17 -> 100 | ... CX17: =CW17+'HARIAN WAJIB DIISI'!CX17 -> 100
A18: 2 | B18: Pekerjaan urugan tanah kembali pondasi footplat | F18: 18.594 | G18: m³ | H18: 46750 | I18: =H18*F18 -> 869269.5 | J18: =I18/I$364*100 -> 0.08692675 | K18: ='HARIAN WAJIB DIISI'!K18 -> 0 | L18: =K18+'HARIAN WAJIB DIISI'!L18 -> 0 | M18: =L18+'HARIAN WAJIB DIISI'!M18 -> 100 | N18: =M18+'HARIAN WAJIB DIISI'!N18 -> 100 | O18: =N18+'HARIAN WAJIB DIISI'!O18 -> 100 | P18: =O18+'HARIAN WAJIB DIISI'!P18 -> 100 | Q18: =P18+'HARIAN WAJIB DIISI'!Q18 -> 100 | R18: =Q18+'HARIAN WAJIB DIISI'!R18 -> 100 | S18: =R18+'HARIAN WAJIB DIISI'!S18 -> 100 | ... CX18: =CW18+'HARIAN WAJIB DIISI'!CX18 -> 100
A19: 3 | B19: Pekerjaan lantai kerja bawah pondasi footplat | F19: 2.32425 | G19: m³ | H19: 735328 | I19: =H19*F19 -> 1709086.1 | J19: =I19/I$364*100 -> 0.17090822 | K19: ='HARIAN WAJIB DIISI'!K19 -> 0 | L19: =K19+'HARIAN WAJIB DIISI'!L19 -> 0 | M19: =L19+'HARIAN WAJIB DIISI'!M19 -> 0 | N19: =M19+'HARIAN WAJIB DIISI'!N19 -> 100 | O19: =N19+'HARIAN WAJIB DIISI'!O19 -> 100 | P19: =O19+'HARIAN WAJIB DIISI'!P19 -> 100 | Q19: =P19+'HARIAN WAJIB DIISI'!Q19 -> 100 | R19: =Q19+'HARIAN WAJIB DIISI'!R19 -> 100 | S19: =R19+'HARIAN WAJIB DIISI'!S19 -> 100 | ... CX19: =CW19+'HARIAN WAJIB DIISI'!CX19 -> 100
A20: 4 | B20: Pekerjaan galian tanah pondasi batu belah | F20: 19.8 | G20: m³ | H20: 70180 | I20: =H20*F20 -> 1389564 | J20: =I20/I$364*100 -> 0.13895608 | K20: ='HARIAN WAJIB DIISI'!K20 -> 0 | L20: =K20+'HARIAN WAJIB DIISI'!L20 -> 0 | M20: =L20+'HARIAN WAJIB DIISI'!M20 -> 0 | N20: =M20+'HARIAN WAJIB DIISI'!N20 -> 0 | O20: =N20+'HARIAN WAJIB DIISI'!O20 -> 100 | P20: =O20+'HARIAN WAJIB DIISI'!P20 -> 100 | Q20: =P20+'HARIAN WAJIB DIISI'!Q20 -> 100 | R20: =Q20+'HARIAN WAJIB DIISI'!R20 -> 100 | S20: =R20+'HARIAN WAJIB DIISI'!S20 -> 100 | ... CX20: =CW20+'HARIAN WAJIB DIISI'!CX20 -> 100
A21: 5 | B21: Pekerjaan lantai kerja bawah pondasi batu belah | F21: 4.65 | G21: m³ | H21: 735328 | I21: =H21*F21 -> 3419275.2 | J21: =I21/I$364*100 -> 0.34192673 | K21: ='HARIAN WAJIB DIISI'!K21 -> 0 | L21: =K21+'HARIAN WAJIB DIISI'!L21 -> 0 | M21: =L21+'HARIAN WAJIB DIISI'!M21 -> 0 | N21: =M21+'HARIAN WAJIB DIISI'!N21 -> 0 | O21: =N21+'HARIAN WAJIB DIISI'!O21 -> 100 | P21: =O21+'HARIAN WAJIB DIISI'!P21 -> 100 | Q21: =P21+'HARIAN WAJIB DIISI'!Q21 -> 100 | R21: =Q21+'HARIAN WAJIB DIISI'!R21 -> 100 | S21: =R21+'HARIAN WAJIB DIISI'!S21 -> 100 | ... CX21: =CW21+'HARIAN WAJIB DIISI'!CX21 -> 100
A22: 6 | B22: Pekerjaan pondasi batu belah | F22: 27.9 | G22: m³ | H22: 654079.58 | I22: =H22*F22 -> 18248820 | J22: =I22/I$364*100 -> 1.8248778 | K22: ='HARIAN WAJIB DIISI'!K22 -> 0 | L22: =K22+'HARIAN WAJIB DIISI'!L22 -> 0 | M22: =L22+'HARIAN WAJIB DIISI'!M22 -> 0 | N22: =M22+'HARIAN WAJIB DIISI'!N22 -> 0 | O22: =N22+'HARIAN WAJIB DIISI'!O22 -> 0 | P22: =O22+'HARIAN WAJIB DIISI'!P22 -> 50 | Q22: =P22+'HARIAN WAJIB DIISI'!Q22 -> 100 | R22: =Q22+'HARIAN WAJIB DIISI'!R22 -> 100 | S22: =R22+'HARIAN WAJIB DIISI'!S22 -> 100 | ... CX22: =CW22+'HARIAN WAJIB DIISI'!CX22 -> 100
A23: 7 | B23: Pekerjaan urugan tanah peninggian lantai termasuk pemadatan tanah | F23: 256 | G23: m³ | H23: 65802 | I23: =H23*F23 -> 16845312 | J23: =I23/I$364*100 -> 1.6845273 | K23: ='HARIAN WAJIB DIISI'!K23 -> 0 | L23: =K23+'HARIAN WAJIB DIISI'!L23 -> 0 | M23: =L23+'HARIAN WAJIB DIISI'!M23 -> 0 | N23: =M23+'HARIAN WAJIB DIISI'!N23 -> 0 | O23: =N23+'HARIAN WAJIB DIISI'!O23 -> 0 | P23: =O23+'HARIAN WAJIB DIISI'!P23 -> 0 | Q23: =P23+'HARIAN WAJIB DIISI'!Q23 -> 0 | R23: =Q23+'HARIAN WAJIB DIISI'!R23 -> 50 | S23: =R23+'HARIAN WAJIB DIISI'!S23 -> 100 | ... CX23: =CW23+'HARIAN WAJIB DIISI'!CX23 -> 100
A24: 8 | B24: Pekerjaan pondasi footplat tipe F1a | K24: ='HARIAN WAJIB DIISI'!K24 -> 0 | L24: =K24+'HARIAN WAJIB DIISI'!L24 -> 0 | M24: =L24+'HARIAN WAJIB DIISI'!M24 -> 0 | N24: =M24+'HARIAN WAJIB DIISI'!N24 -> 0 | O24: =N24+'HARIAN WAJIB DIISI'!O24 -> 0 | P24: =O24+'HARIAN WAJIB DIISI'!P24 -> 0 | Q24: =P24+'HARIAN WAJIB DIISI'!Q24 -> 0 | R24: =Q24+'HARIAN WAJIB DIISI'!R24 -> 0 | S24: =R24+'HARIAN WAJIB DIISI'!S24 -> 0 | ... CX24: =CW24+'HARIAN WAJIB DIISI'!CX24 -> 0
B25: - Pekerjaan beton K-225 | F25: 5.76 | G25: m³ | H25: 772596 | I25: =H25*F25 -> 4450153 | J25: =I25/I$364*100 -> 0.44501427 | K25: ='HARIAN WAJIB DIISI'!K25 -> 0 | L25: =K25+'HARIAN WAJIB DIISI'!L25 -> 0 | M25: =L25+'HARIAN WAJIB DIISI'!M25 -> 0 | N25: =M25+'HARIAN WAJIB DIISI'!N25 -> 0 | O25: =N25+'HARIAN WAJIB DIISI'!O25 -> 0 | P25: =O25+'HARIAN WAJIB DIISI'!P25 -> 0 | Q25: =P25+'HARIAN WAJIB DIISI'!Q25 -> 0 | R25: =Q25+'HARIAN WAJIB DIISI'!R25 -> 0 | S25: =R25+'HARIAN WAJIB DIISI'!S25 -> 0 | ... CX25: =CW25+'HARIAN WAJIB DIISI'!CX25 -> 0
B26: - Pekerjaan bekisting pondasi | F26: 7 | G26: m² | H26: 87929.63 | I26: =H26*F26 -> 615507.41 | J26: =I26/I$364*100 -> 0.061550599 | K26: ='HARIAN WAJIB DIISI'!K26 -> 0 | L26: =K26+'HARIAN WAJIB DIISI'!L26 -> 0 | M26: =L26+'HARIAN WAJIB DIISI'!M26 -> 0 | N26: =M26+'HARIAN WAJIB DIISI'!N26 -> 0 | O26: =N26+'HARIAN WAJIB DIISI'!O26 -> 0 | P26: =O26+'HARIAN WAJIB DIISI'!P26 -> 0 | Q26: =P26+'HARIAN WAJIB DIISI'!Q26 -> 0 | R26: =Q26+'HARIAN WAJIB DIISI'!R26 -> 0 | S26: =R26+'HARIAN WAJIB DIISI'!S26 -> 0 | ... CX26: =CW26+'HARIAN WAJIB DIISI'!CX26 -> 0
B27: - Pekerjaan pembesian ulir | F27: 180.52116 | G27: kg | H27: 12818.52 | I27: =H27*F27 -> 2314014.1 | J27: =I27/I$364*100 -> 0.23140088 | K27: ='HARIAN WAJIB DIISI'!K27 -> 0 | L27: =K27+'HARIAN WAJIB DIISI'!L27 -> 0 | M27: =L27+'HARIAN WAJIB DIISI'!M27 -> 0 | N27: =M27+'HARIAN WAJIB DIISI'!N27 -> 0 | O27: =N27+'HARIAN WAJIB DIISI'!O27 -> 0 | P27: =O27+'HARIAN WAJIB DIISI'!P27 -> 0 | Q27: =P27+'HARIAN WAJIB DIISI'!Q27 -> 0 | R27: =Q27+'HARIAN WAJIB DIISI'!R27 -> 0 | S27: =R27+'HARIAN WAJIB DIISI'!S27 -> 0 | ... CX27: =CW27+'HARIAN WAJIB DIISI'!CX27 -> 0
B28: - Pekerjaan pembesian polos | F28: 90.016497 | G28: kg | H28: 11876.74 | I28: =H28*F28 -> 1069102.5 | J28: =I28/I$364*100 -> 0.10691001 | K28: ='HARIAN WAJIB DIISI'!K28 -> 0 | L28: =K28+'HARIAN WAJIB DIISI'!L28 -> 0 | M28: =L28+'HARIAN WAJIB DIISI'!M28 -> 0 | N28: =M28+'HARIAN WAJIB DIISI'!N28 -> 0 | O28: =N28+'HARIAN WAJIB DIISI'!O28 -> 0 | P28: =O28+'HARIAN WAJIB DIISI'!P28 -> 0 | Q28: =P28+'HARIAN WAJIB DIISI'!Q28 -> 0 | R28: =Q28+'HARIAN WAJIB DIISI'!R28 -> 0 | S28: =R28+'HARIAN WAJIB DIISI'!S28 -> 0 | ... CX28: =CW28+'HARIAN WAJIB DIISI'!CX28 -> 0
A29: 9 | B29: Pekerjaan pondasi footplat tipe F1b | K29: ='HARIAN WAJIB DIISI'!K29 -> 0 | L29: =K29+'HARIAN WAJIB DIISI'!L29 -> 0 | M29: =L29+'HARIAN WAJIB DIISI'!M29 -> 0 | N29: =M29+'HARIAN WAJIB DIISI'!N29 -> 0 | O29: =N29+'HARIAN WAJIB DIISI'!O29 -> 0 | P29: =O29+'HARIAN WAJIB DIISI'!P29 -> 0 | Q29: =P29+'HARIAN WAJIB DIISI'!Q29 -> 0 | R29: =Q29+'HARIAN WAJIB DIISI'!R29 -> 0 | S29: =R29+'HARIAN WAJIB DIISI'!S29 -> 0 | ... CX29: =CW29+'HARIAN WAJIB DIISI'!CX29 -> 0
B30: - Pekerjaan beton K-225 | F30: 4.55 | G30: m³ | H30: =H25 -> 772596 | I30: =H30*F30 -> 3515311.8 | J30: =I30/I$364*100 -> 0.35153037 | K30: ='HARIAN WAJIB DIISI'!K30 -> 0 | L30: =K30+'HARIAN WAJIB DIISI'!L30 -> 0 | M30: =L30+'HARIAN WAJIB DIISI'!M30 -> 0 | N30: =M30+'HARIAN WAJIB DIISI'!N30 -> 0 | O30: =N30+'HARIAN WAJIB DIISI'!O30 -> 0 | P30: =O30+'HARIAN WAJIB DIISI'!P30 -> 0 | Q30: =P30+'HARIAN WAJIB DIISI'!Q30 -> 0 | R30: =Q30+'HARIAN WAJIB DIISI'!R30 -> 0 | S30: =R30+'HARIAN WAJIB DIISI'!S30 -> 0 | ... CX30: =CW30+'HARIAN WAJIB DIISI'!CX30 -> 0
B31: - Pekerjaan bekisting pondasi | F31: 9 | G31: m² | H31: =H26 -> 87929.63 | I31: =H31*F31 -> 791366.67 | J31: =I31/I$364*100 -> 0.079136485 | K31: ='HARIAN WAJIB DIISI'!K31 -> 0 | L31: =K31+'HARIAN WAJIB DIISI'!L31 -> 0 | M31: =L31+'HARIAN WAJIB DIISI'!M31 -> 0 | N31: =M31+'HARIAN WAJIB DIISI'!N31 -> 0 | O31: =N31+'HARIAN WAJIB DIISI'!O31 -> 0 | P31: =O31+'HARIAN WAJIB DIISI'!P31 -> 0 | Q31: =P31+'HARIAN WAJIB DIISI'!Q31 -> 0 | R31: =Q31+'HARIAN WAJIB DIISI'!R31 -> 0 | S31: =R31+'HARIAN WAJIB DIISI'!S31 -> 0 | ... CX31: =CW31+'HARIAN WAJIB DIISI'!CX31 -> 0
B32: - Pekerjaan pembesian ulir | F32: 232.09864 | G32: kg | H32: =H27 -> 12818.52 | I32: =H32*F32 -> 2975161 | J32: =I32/I$364*100 -> 0.29751542 | K32: ='HARIAN WAJIB DIISI'!K32 -> 0 | L32: =K32+'HARIAN WAJIB DIISI'!L32 -> 0 | M32: =L32+'HARIAN WAJIB DIISI'!M32 -> 0 | N32: =M32+'HARIAN WAJIB DIISI'!N32 -> 0 | O32: =N32+'HARIAN WAJIB DIISI'!O32 -> 0 | P32: =O32+'HARIAN WAJIB DIISI'!P32 -> 0 | Q32: =P32+'HARIAN WAJIB DIISI'!Q32 -> 0 | R32: =Q32+'HARIAN WAJIB DIISI'!R32 -> 0 | S32: =R32+'HARIAN WAJIB DIISI'!S32 -> 0 | ... CX32: =CW32+'HARIAN WAJIB DIISI'!CX32 -> 0
B33: - Pekerjaan pembesian polos | F33: 121.03838 | G33: kg | H33: =H28 -> 11876.74 | I33: =H33*F33 -> 1437541.4 | J33: =I33/I$364*100 -> 0.14375381 | K33: ='HARIAN WAJIB DIISI'!K33 -> 0 | L33: =K33+'HARIAN WAJIB DIISI'!L33 -> 0 | M33: =L33+'HARIAN WAJIB DIISI'!M33 -> 0 | N33: =M33+'HARIAN WAJIB DIISI'!N33 -> 0 | O33: =N33+'HARIAN WAJIB DIISI'!O33 -> 0 | P33: =O33+'HARIAN WAJIB DIISI'!P33 -> 0 | Q33: =P33+'HARIAN WAJIB DIISI'!Q33 -> 0 | R33: =Q33+'HARIAN WAJIB DIISI'!R33 -> 0 | S33: =R33+'HARIAN WAJIB DIISI'!S33 -> 0 | ... CX33: =CW33+'HARIAN WAJIB DIISI'!CX33 -> 0
A34: 10 | B34: Pekerjaan pondasi footplat tipe F1c | K34: ='HARIAN WAJIB DIISI'!K34 -> 0 | L34: =K34+'HARIAN WAJIB DIISI'!L34 -> 0 | M34: =L34+'HARIAN WAJIB DIISI'!M34 -> 0 | N34: =M34+'HARIAN WAJIB DIISI'!N34 -> 0 | O34: =N34+'HARIAN WAJIB DIISI'!O34 -> 0 | P34: =O34+'HARIAN WAJIB DIISI'!P34 -> 0 | Q34: =P34+'HARIAN WAJIB DIISI'!Q34 -> 0 | R34: =Q34+'HARIAN WAJIB DIISI'!R34 -> 0 | S34: =R34+'HARIAN WAJIB DIISI'!S34 -> 0 | ... CX34: =CW34+'HARIAN WAJIB DIISI'!CX34 -> 0
B35: - Pekerjaan beton K-225 | F35: 0.78875 | G35: m³ | H35: =H30 -> 772596 | I35: =H35*F35 -> 609385.1 | J35: =I35/I$364*100 -> 0.060938369 | K35: ='HARIAN WAJIB DIISI'!K35 -> 0 | L35: =K35+'HARIAN WAJIB DIISI'!L35 -> 0 | M35: =L35+'HARIAN WAJIB DIISI'!M35 -> 0 | N35: =M35+'HARIAN WAJIB DIISI'!N35 -> 0 | O35: =N35+'HARIAN WAJIB DIISI'!O35 -> 0 | P35: =O35+'HARIAN WAJIB DIISI'!P35 -> 0 | Q35: =P35+'HARIAN WAJIB DIISI'!Q35 -> 0 | R35: =Q35+'HARIAN WAJIB DIISI'!R35 -> 0 | S35: =R35+'HARIAN WAJIB DIISI'!S35 -> 0 | ... CX35: =CW35+'HARIAN WAJIB DIISI'!CX35 -> 0
B36: - Pekerjaan bekisting pondasi | F36: 2 | G36: m² | H36: =H31 -> 87929.63 | I36: =H36*F36 -> 175859.26 | J36: =I36/I$364*100 -> 0.017585885 | K36: ='HARIAN WAJIB DIISI'!K36 -> 0 | L36: =K36+'HARIAN WAJIB DIISI'!L36 -> 0 | M36: =L36+'HARIAN WAJIB DIISI'!M36 -> 0 | N36: =M36+'HARIAN WAJIB DIISI'!N36 -> 0 | O36: =N36+'HARIAN WAJIB DIISI'!O36 -> 0 | P36: =O36+'HARIAN WAJIB DIISI'!P36 -> 0 | Q36: =P36+'HARIAN WAJIB DIISI'!Q36 -> 0 | R36: =Q36+'HARIAN WAJIB DIISI'!R36 -> 0 | S36: =R36+'HARIAN WAJIB DIISI'!S36 -> 0 | ... CX36: =CW36+'HARIAN WAJIB DIISI'!CX36 -> 0
B37: - Pekerjaan pembesian ulir | F37: 51.577475 | G37: kg | H37: =H32 -> 12818.52 | I37: =H37*F37 -> 661146.9 | J37: =I37/I$364*100 -> 0.066114537 | K37: ='HARIAN WAJIB DIISI'!K37 -> 0 | L37: =K37+'HARIAN WAJIB DIISI'!L37 -> 0 | M37: =L37+'HARIAN WAJIB DIISI'!M37 -> 0 | N37: =M37+'HARIAN WAJIB DIISI'!N37 -> 0 | O37: =N37+'HARIAN WAJIB DIISI'!O37 -> 0 | P37: =O37+'HARIAN WAJIB DIISI'!P37 -> 0 | Q37: =P37+'HARIAN WAJIB DIISI'!Q37 -> 0 | R37: =Q37+'HARIAN WAJIB DIISI'!R37 -> 0 | S37: =R37+'HARIAN WAJIB DIISI'!S37 -> 0 | ... CX37: =CW37+'HARIAN WAJIB DIISI'!CX37 -> 0
B38: - Pekerjaan pembesian polos | F38: 26.897418 | G38: kg | H38: =H33 -> 11876.74 | I38: =H38*F38 -> 319453.64 | J38: =I38/I$364*100 -> 0.031945291 | K38: ='HARIAN WAJIB DIISI'!K38 -> 0 | L38: =K38+'HARIAN WAJIB DIISI'!L38 -> 0 | M38: =L38+'HARIAN WAJIB DIISI'!M38 -> 0 | N38: =M38+'HARIAN WAJIB DIISI'!N38 -> 0 | O38: =N38+'HARIAN WAJIB DIISI'!O38 -> 0 | P38: =O38+'HARIAN WAJIB DIISI'!P38 -> 0 | Q38: =P38+'HARIAN WAJIB DIISI'!Q38 -> 0 | R38: =Q38+'HARIAN WAJIB DIISI'!R38 -> 0 | S38: =R38+'HARIAN WAJIB DIISI'!S38 -> 0 | ... CX38: =CW38+'HARIAN WAJIB DIISI'!CX38 -> 0
A39: 11 | B39: Pekerjaan pondasi footplat tipe F2 | K39: ='HARIAN WAJIB DIISI'!K39 -> 0 | L39: =K39+'HARIAN WAJIB DIISI'!L39 -> 0 | M39: =L39+'HARIAN WAJIB DIISI'!M39 -> 0 | N39: =M39+'HARIAN WAJIB DIISI'!N39 -> 0 | O39: =N39+'HARIAN WAJIB DIISI'!O39 -> 0 | P39: =O39+'HARIAN WAJIB DIISI'!P39 -> 0 | Q39: =P39+'HARIAN WAJIB DIISI'!Q39 -> 0 | R39: =Q39+'HARIAN WAJIB DIISI'!R39 -> 0 | S39: =R39+'HARIAN WAJIB DIISI'!S39 -> 0 | ... CX39: =CW39+'HARIAN WAJIB DIISI'!CX39 -> 0
B40: - Pekerjaan beton K-225 | F40: 1.512 | G40: m³ | H40: =H35 -> 772596 | I40: =H40*F40 -> 1168165.2 | J40: =I40/I$364*100 -> 0.11681625 | K40: ='HARIAN WAJIB DIISI'!K40 -> 0 | L40: =K40+'HARIAN WAJIB DIISI'!L40 -> 0 | M40: =L40+'HARIAN WAJIB DIISI'!M40 -> 0 | N40: =M40+'HARIAN WAJIB DIISI'!N40 -> 0 | O40: =N40+'HARIAN WAJIB DIISI'!O40 -> 0 | P40: =O40+'HARIAN WAJIB DIISI'!P40 -> 0 | Q40: =P40+'HARIAN WAJIB DIISI'!Q40 -> 0 | R40: =Q40+'HARIAN WAJIB DIISI'!R40 -> 0 | S40: =R40+'HARIAN WAJIB DIISI'!S40 -> 0 | ... CX40: =CW40+'HARIAN WAJIB DIISI'!CX40 -> 0
B41: - Pekerjaan bekisting pondasi | F41: 4.8 | G41: m² | H41: =H36 -> 87929.63 | I41: =H41*F41 -> 422062.22 | J41: =I41/I$364*100 -> 0.042206125 | K41: ='HARIAN WAJIB DIISI'!K41 -> 0 | L41: =K41+'HARIAN WAJIB DIISI'!L41 -> 0 | M41: =L41+'HARIAN WAJIB DIISI'!M41 -> 0 | N41: =M41+'HARIAN WAJIB DIISI'!N41 -> 0 | O41: =N41+'HARIAN WAJIB DIISI'!O41 -> 0 | P41: =O41+'HARIAN WAJIB DIISI'!P41 -> 0 | Q41: =P41+'HARIAN WAJIB DIISI'!Q41 -> 0 | R41: =Q41+'HARIAN WAJIB DIISI'!R41 -> 0 | S41: =R41+'HARIAN WAJIB DIISI'!S41 -> 0 | ... CX41: =CW41+'HARIAN WAJIB DIISI'!CX41 -> 0
B42: - Pekerjaan pembesian ulir | F42: 103.13828 | G42: kg | H42: =H37 -> 12818.52 | I42: =H42*F42 -> 1322080.1 | J42: =I42/I$364*100 -> 0.13220771 | K42: ='HARIAN WAJIB DIISI'!K42 -> 0 | L42: =K42+'HARIAN WAJIB DIISI'!L42 -> 0 | M42: =L42+'HARIAN WAJIB DIISI'!M42 -> 0 | N42: =M42+'HARIAN WAJIB DIISI'!N42 -> 0 | O42: =N42+'HARIAN WAJIB DIISI'!O42 -> 0 | P42: =O42+'HARIAN WAJIB DIISI'!P42 -> 0 | Q42: =P42+'HARIAN WAJIB DIISI'!Q42 -> 0 | R42: =Q42+'HARIAN WAJIB DIISI'!R42 -> 0 | S42: =R42+'HARIAN WAJIB DIISI'!S42 -> 0 | ... CX42: =CW42+'HARIAN WAJIB DIISI'!CX42 -> 0
B43: - Pekerjaan pembesian polos | F43: 51.835715 | G43: kg | H43: =H38 -> 11876.74 | I43: =H43*F43 -> 615639.3 | J43: =I43/I$364*100 -> 0.061563789 | K43: ='HARIAN WAJIB DIISI'!K43 -> 0 | L43: =K43+'HARIAN WAJIB DIISI'!L43 -> 0 | M43: =L43+'HARIAN WAJIB DIISI'!M43 -> 0 | N43: =M43+'HARIAN WAJIB DIISI'!N43 -> 0 | O43: =N43+'HARIAN WAJIB DIISI'!O43 -> 0 | P43: =O43+'HARIAN WAJIB DIISI'!P43 -> 0 | Q43: =P43+'HARIAN WAJIB DIISI'!Q43 -> 0 | R43: =Q43+'HARIAN WAJIB DIISI'!R43 -> 0 | S43: =R43+'HARIAN WAJIB DIISI'!S43 -> 0 | ... CX43: =CW43+'HARIAN WAJIB DIISI'!CX43 -> 0
A44: 12 | B44: Pekerjaan kolom pedestal tipe K1a ukuran 25 x 30 cm | K44: ='HARIAN WAJIB DIISI'!K44 -> 0 | L44: =K44+'HARIAN WAJIB DIISI'!L44 -> 0 | M44: =L44+'HARIAN WAJIB DIISI'!M44 -> 0 | N44: =M44+'HARIAN WAJIB DIISI'!N44 -> 0 | O44: =N44+'HARIAN WAJIB DIISI'!O44 -> 0 | P44: =O44+'HARIAN WAJIB DIISI'!P44 -> 0 | Q44: =P44+'HARIAN WAJIB DIISI'!Q44 -> 0 | R44: =Q44+'HARIAN WAJIB DIISI'!R44 -> 0 | S44: =R44+'HARIAN WAJIB DIISI'!S44 -> 0 | ... CX44: =CW44+'HARIAN WAJIB DIISI'!CX44 -> 0
B45: - Pekerjaan beton K-225 | F45: 0.42 | G45: m³ | H45: =H40 -> 772596 | I45: =H45*F45 -> 324490.32 | J45: =I45/I$364*100 -> 0.032448957 | K45: ='HARIAN WAJIB DIISI'!K45 -> 0 | L45: =K45+'HARIAN WAJIB DIISI'!L45 -> 0 | M45: =L45+'HARIAN WAJIB DIISI'!M45 -> 0 | N45: =M45+'HARIAN WAJIB DIISI'!N45 -> 0 | O45: =N45+'HARIAN WAJIB DIISI'!O45 -> 0 | P45: =O45+'HARIAN WAJIB DIISI'!P45 -> 0 | Q45: =P45+'HARIAN WAJIB DIISI'!Q45 -> 0 | R45: =Q45+'HARIAN WAJIB DIISI'!R45 -> 0 | S45: =R45+'HARIAN WAJIB DIISI'!S45 -> 0 | ... CX45: =CW45+'HARIAN WAJIB DIISI'!CX45 -> 0
B46: - Pekerjaan bekisting kolom | F46: 6.16 | G46: m² | H46: 87929.63 | I46: =H46*F46 -> 541646.52 | J46: =I46/I$364*100 -> 0.054164527 | K46: ='HARIAN WAJIB DIISI'!K46 -> 0 | L46: =K46+'HARIAN WAJIB DIISI'!L46 -> 0 | M46: =L46+'HARIAN WAJIB DIISI'!M46 -> 0 | N46: =M46+'HARIAN WAJIB DIISI'!N46 -> 0 | O46: =N46+'HARIAN WAJIB DIISI'!O46 -> 0 | P46: =O46+'HARIAN WAJIB DIISI'!P46 -> 0 | Q46: =P46+'HARIAN WAJIB DIISI'!Q46 -> 0 | R46: =Q46+'HARIAN WAJIB DIISI'!R46 -> 0 | S46: =R46+'HARIAN WAJIB DIISI'!S46 -> 0 | ... CX46: =CW46+'HARIAN WAJIB DIISI'!CX46 -> 0
B47: - Pekerjaan pembesian ulir | F47: 84.017606 | G47: kg | H47: =H42 -> 12818.52 | I47: =H47*F47 -> 1076981.4 | J47: =I47/I$364*100 -> 0.10769789 | K47: ='HARIAN WAJIB DIISI'!K47 -> 0 | L47: =K47+'HARIAN WAJIB DIISI'!L47 -> 0 | M47: =L47+'HARIAN WAJIB DIISI'!M47 -> 0 | N47: =M47+'HARIAN WAJIB DIISI'!N47 -> 0 | O47: =N47+'HARIAN WAJIB DIISI'!O47 -> 0 | P47: =O47+'HARIAN WAJIB DIISI'!P47 -> 0 | Q47: =P47+'HARIAN WAJIB DIISI'!Q47 -> 0 | R47: =Q47+'HARIAN WAJIB DIISI'!R47 -> 0 | S47: =R47+'HARIAN WAJIB DIISI'!S47 -> 0 | ... CX47: =CW47+'HARIAN WAJIB DIISI'!CX47 -> 0
B48: - Pekerjaan pembesian polos | F48: 33.010468 | G48: kg | H48: =H43 -> 11876.74 | I48: =H48*F48 -> 392056.74 | J48: =I48/I$364*100 -> 0.039205584 | K48: ='HARIAN WAJIB DIISI'!K48 -> 0 | L48: =K48+'HARIAN WAJIB DIISI'!L48 -> 0 | M48: =L48+'HARIAN WAJIB DIISI'!M48 -> 0 | N48: =M48+'HARIAN WAJIB DIISI'!N48 -> 0 | O48: =N48+'HARIAN WAJIB DIISI'!O48 -> 0 | P48: =O48+'HARIAN WAJIB DIISI'!P48 -> 0 | Q48: =P48+'HARIAN WAJIB DIISI'!Q48 -> 0 | R48: =Q48+'HARIAN WAJIB DIISI'!R48 -> 0 | S48: =R48+'HARIAN WAJIB DIISI'!S48 -> 0 | ... CX48: =CW48+'HARIAN WAJIB DIISI'!CX48 -> 0
A49: 13 | B49: Pekerjaan kolom pedestal tipe K1b ukuran 25 x 30 cm | K49: ='HARIAN WAJIB DIISI'!K49 -> 0 | L49: =K49+'HARIAN WAJIB DIISI'!L49 -> 0 | M49: =L49+'HARIAN WAJIB DIISI'!M49 -> 0 | N49: =M49+'HARIAN WAJIB DIISI'!N49 -> 0 | O49: =N49+'HARIAN WAJIB DIISI'!O49 -> 0 | P49: =O49+'HARIAN WAJIB DIISI'!P49 -> 0 | Q49: =P49+'HARIAN WAJIB DIISI'!Q49 -> 0 | R49: =Q49+'HARIAN WAJIB DIISI'!R49 -> 0 | S49: =R49+'HARIAN WAJIB DIISI'!S49 -> 0 | ... CX49: =CW49+'HARIAN WAJIB DIISI'!CX49 -> 0
B50: - Pekerjaan beton K-225 | F50: 2.77 | G50: m³ | H50: =H45 -> 772596 | I50: =H50*F50 -> 2140090.9 | J50: =I50/I$364*100 -> 0.2140086 | K50: ='HARIAN WAJIB DIISI'!K50 -> 0 | L50: =K50+'HARIAN WAJIB DIISI'!L50 -> 0 | M50: =L50+'HARIAN WAJIB DIISI'!M50 -> 0 | N50: =M50+'HARIAN WAJIB DIISI'!N50 -> 0 | O50: =N50+'HARIAN WAJIB DIISI'!O50 -> 0 | P50: =O50+'HARIAN WAJIB DIISI'!P50 -> 0 | Q50: =P50+'HARIAN WAJIB DIISI'!Q50 -> 0 | R50: =Q50+'HARIAN WAJIB DIISI'!R50 -> 0 | S50: =R50+'HARIAN WAJIB DIISI'!S50 -> 0 | ... CX50: =CW50+'HARIAN WAJIB DIISI'!CX50 -> 0
B51: - Pekerjaan bekisting kolom | F51: 21.56 | G51: m² | H51: =H46 -> 87929.63 | I51: =H51*F51 -> 1895762.8 | J51: =I51/I$364*100 -> 0.18957585 | K51: ='HARIAN WAJIB DIISI'!K51 -> 0 | L51: =K51+'HARIAN WAJIB DIISI'!L51 -> 0 | M51: =L51+'HARIAN WAJIB DIISI'!M51 -> 0 | N51: =M51+'HARIAN WAJIB DIISI'!N51 -> 0 | O51: =N51+'HARIAN WAJIB DIISI'!O51 -> 0 | P51: =O51+'HARIAN WAJIB DIISI'!P51 -> 0 | Q51: =P51+'HARIAN WAJIB DIISI'!Q51 -> 0 | R51: =Q51+'HARIAN WAJIB DIISI'!R51 -> 0 | S51: =R51+'HARIAN WAJIB DIISI'!S51 -> 0 | ... CX51: =CW51+'HARIAN WAJIB DIISI'!CX51 -> 0
B52: - Pekerjaan pembesian ulir | F52: 294.06162 | G52: kg | H52: =H47 -> 12818.52 | I52: =H52*F52 -> 3769434.8 | J52: =I52/I$364*100 -> 0.37694261 | K52: ='HARIAN WAJIB DIISI'!K52 -> 0 | L52: =K52+'HARIAN WAJIB DIISI'!L52 -> 0 | M52: =L52+'HARIAN WAJIB DIISI'!M52 -> 0 | N52: =M52+'HARIAN WAJIB DIISI'!N52 -> 0 | O52: =N52+'HARIAN WAJIB DIISI'!O52 -> 0 | P52: =O52+'HARIAN WAJIB DIISI'!P52 -> 0 | Q52: =P52+'HARIAN WAJIB DIISI'!Q52 -> 0 | R52: =Q52+'HARIAN WAJIB DIISI'!R52 -> 0 | S52: =R52+'HARIAN WAJIB DIISI'!S52 -> 0 | ... CX52: =CW52+'HARIAN WAJIB DIISI'!CX52 -> 0
B53: - Pekerjaan pembesian polos | F53: 230.01 | G53: kg | H53: =H48 -> 11876.74 | I53: =H53*F53 -> 2731769 | J53: =I53/I$364*100 -> 0.27317627 | K53: ='HARIAN WAJIB DIISI'!K53 -> 0 | L53: =K53+'HARIAN WAJIB DIISI'!L53 -> 0 | M53: =L53+'HARIAN WAJIB DIISI'!M53 -> 0 | N53: =M53+'HARIAN WAJIB DIISI'!N53 -> 0 | O53: =N53+'HARIAN WAJIB DIISI'!O53 -> 0 | P53: =O53+'HARIAN WAJIB DIISI'!P53 -> 0 | Q53: =P53+'HARIAN WAJIB DIISI'!Q53 -> 0 | R53: =Q53+'HARIAN WAJIB DIISI'!R53 -> 0 | S53: =R53+'HARIAN WAJIB DIISI'!S53 -> 0 | ... CX53: =CW53+'HARIAN WAJIB DIISI'!CX53 -> 0
A54: 14 | B54: Pekerjaan kolom pedestal K2 ukuran 20 x 20 cm | K54: ='HARIAN WAJIB DIISI'!K54 -> 0 | L54: =K54+'HARIAN WAJIB DIISI'!L54 -> 0 | M54: =L54+'HARIAN WAJIB DIISI'!M54 -> 0 | N54: =M54+'HARIAN WAJIB DIISI'!N54 -> 0 | O54: =N54+'HARIAN WAJIB DIISI'!O54 -> 0 | P54: =O54+'HARIAN WAJIB DIISI'!P54 -> 0 | Q54: =P54+'HARIAN WAJIB DIISI'!Q54 -> 0 | R54: =Q54+'HARIAN WAJIB DIISI'!R54 -> 0 | S54: =R54+'HARIAN WAJIB DIISI'!S54 -> 0 | ... CX54: =CW54+'HARIAN WAJIB DIISI'!CX54 -> 0
B55: - Pekerjaan beton K-225 | F55: 0.336 | G55: m³ | H55: =H50 -> 772596 | I55: =H55*F55 -> 259592.26 | J55: =I55/I$364*100 -> 0.025959166 | K55: ='HARIAN WAJIB DIISI'!K55 -> 0 | L55: =K55+'HARIAN WAJIB DIISI'!L55 -> 0 | M55: =L55+'HARIAN WAJIB DIISI'!M55 -> 0 | N55: =M55+'HARIAN WAJIB DIISI'!N55 -> 0 | O55: =N55+'HARIAN WAJIB DIISI'!O55 -> 0 | P55: =O55+'HARIAN WAJIB DIISI'!P55 -> 0 | Q55: =P55+'HARIAN WAJIB DIISI'!Q55 -> 0 | R55: =Q55+'HARIAN WAJIB DIISI'!R55 -> 0 | S55: =R55+'HARIAN WAJIB DIISI'!S55 -> 0 | ... CX55: =CW55+'HARIAN WAJIB DIISI'!CX55 -> 0
B56: - Pekerjaan bekisting kolom | F56: 6.72 | G56: m² | H56: =H51 -> 87929.63 | I56: =H56*F56 -> 590887.11 | J56: =I56/I$364*100 -> 0.059088575 | K56: ='HARIAN WAJIB DIISI'!K56 -> 0 | L56: =K56+'HARIAN WAJIB DIISI'!L56 -> 0 | M56: =L56+'HARIAN WAJIB DIISI'!M56 -> 0 | N56: =M56+'HARIAN WAJIB DIISI'!N56 -> 0 | O56: =N56+'HARIAN WAJIB DIISI'!O56 -> 0 | P56: =O56+'HARIAN WAJIB DIISI'!P56 -> 0 | Q56: =P56+'HARIAN WAJIB DIISI'!Q56 -> 0 | R56: =Q56+'HARIAN WAJIB DIISI'!R56 -> 0 | S56: =R56+'HARIAN WAJIB DIISI'!S56 -> 0 | ... CX56: =CW56+'HARIAN WAJIB DIISI'!CX56 -> 0
B57: - Pekerjaan pembesian ulir | F57: 63.013205 | G57: kg | H57: =H52 -> 12818.52 | I57: =H57*F57 -> 807736.03 | J57: =I57/I$364*100 -> 0.080773416 | K57: ='HARIAN WAJIB DIISI'!K57 -> 0 | L57: =K57+'HARIAN WAJIB DIISI'!L57 -> 0 | M57: =L57+'HARIAN WAJIB DIISI'!M57 -> 0 | N57: =M57+'HARIAN WAJIB DIISI'!N57 -> 0 | O57: =N57+'HARIAN WAJIB DIISI'!O57 -> 0 | P57: =O57+'HARIAN WAJIB DIISI'!P57 -> 0 | Q57: =P57+'HARIAN WAJIB DIISI'!Q57 -> 0 | R57: =Q57+'HARIAN WAJIB DIISI'!R57 -> 0 | S57: =R57+'HARIAN WAJIB DIISI'!S57 -> 0 | ... CX57: =CW57+'HARIAN WAJIB DIISI'!CX57 -> 0
B58: - Pekerjaan pembesian polos | F58: 34.601334 | G58: kg | H58: =H53 -> 11876.74 | I58: =H58*F58 -> 410951.04 | J58: =I58/I$364*100 -> 0.04109501 | K58: ='HARIAN WAJIB DIISI'!K58 -> 0 | L58: =K58+'HARIAN WAJIB DIISI'!L58 -> 0 | M58: =L58+'HARIAN WAJIB DIISI'!M58 -> 0 | N58: =M58+'HARIAN WAJIB DIISI'!N58 -> 0 | O58: =N58+'HARIAN WAJIB DIISI'!O58 -> 0 | P58: =O58+'HARIAN WAJIB DIISI'!P58 -> 0 | Q58: =P58+'HARIAN WAJIB DIISI'!Q58 -> 0 | R58: =Q58+'HARIAN WAJIB DIISI'!R58 -> 0 | S58: =R58+'HARIAN WAJIB DIISI'!S58 -> 0 | ... CX58: =CW58+'HARIAN WAJIB DIISI'!CX58 -> 0
A59: 15 | B59: Pekerjaan sloof 15 x 25 cm | K59: ='HARIAN WAJIB DIISI'!K59 -> 0 | L59: =K59+'HARIAN WAJIB DIISI'!L59 -> 0 | M59: =L59+'HARIAN WAJIB DIISI'!M59 -> 0 | N59: =M59+'HARIAN WAJIB DIISI'!N59 -> 0 | O59: =N59+'HARIAN WAJIB DIISI'!O59 -> 0 | P59: =O59+'HARIAN WAJIB DIISI'!P59 -> 0 | Q59: =P59+'HARIAN WAJIB DIISI'!Q59 -> 0 | R59: =Q59+'HARIAN WAJIB DIISI'!R59 -> 0 | S59: =R59+'HARIAN WAJIB DIISI'!S59 -> 0 | ... CX59: =CW59+'HARIAN WAJIB DIISI'!CX59 -> 0
B60: - Pekerjaan beton K-225 | F60: 7.91 | G60: m³ | H60: =H55 -> 772596 | I60: =H60*F60 -> 6111234.4 | J60: =I60/I$364*100 -> 0.61112203 | K60: ='HARIAN WAJIB DIISI'!K60 -> 0 | L60: =K60+'HARIAN WAJIB DIISI'!L60 -> 0 | M60: =L60+'HARIAN WAJIB DIISI'!M60 -> 0 | N60: =M60+'HARIAN WAJIB DIISI'!N60 -> 0 | O60: =N60+'HARIAN WAJIB DIISI'!O60 -> 0 | P60: =O60+'HARIAN WAJIB DIISI'!P60 -> 0 | Q60: =P60+'HARIAN WAJIB DIISI'!Q60 -> 0 | R60: =Q60+'HARIAN WAJIB DIISI'!R60 -> 0 | S60: =R60+'HARIAN WAJIB DIISI'!S60 -> 0 | ... CX60: =CW60+'HARIAN WAJIB DIISI'!CX60 -> 0
B61: - Pekerjaan bekisting sloof | F61: 77.5 | G61: m² | H61: 87929.63 | I61: =H61*F61 -> 6814546.3 | J61: =I61/I$364*100 -> 0.68145306 | K61: ='HARIAN WAJIB DIISI'!K61 -> 0 | L61: =K61+'HARIAN WAJIB DIISI'!L61 -> 0 | M61: =L61+'HARIAN WAJIB DIISI'!M61 -> 0 | N61: =M61+'HARIAN WAJIB DIISI'!N61 -> 0 | O61: =N61+'HARIAN WAJIB DIISI'!O61 -> 0 | P61: =O61+'HARIAN WAJIB DIISI'!P61 -> 0 | Q61: =P61+'HARIAN WAJIB DIISI'!Q61 -> 0 | R61: =Q61+'HARIAN WAJIB DIISI'!R61 -> 0 | S61: =R61+'HARIAN WAJIB DIISI'!S61 -> 0 | ... CX61: =CW61+'HARIAN WAJIB DIISI'!CX61 -> 0
B62: - Pekerjaan pembesian ulir | F62: 645.9687 | G62: kg | H62: =H57 -> 12818.52 | I62: =H62*F62 -> 8280362.7 | J62: =I62/I$364*100 -> 0.82803436 | K62: ='HARIAN WAJIB DIISI'!K62 -> 0 | L62: =K62+'HARIAN WAJIB DIISI'!L62 -> 0 | M62: =L62+'HARIAN WAJIB DIISI'!M62 -> 0 | N62: =M62+'HARIAN WAJIB DIISI'!N62 -> 0 | O62: =N62+'HARIAN WAJIB DIISI'!O62 -> 0 | P62: =O62+'HARIAN WAJIB DIISI'!P62 -> 0 | Q62: =P62+'HARIAN WAJIB DIISI'!Q62 -> 0 | R62: =Q62+'HARIAN WAJIB DIISI'!R62 -> 0 | S62: =R62+'HARIAN WAJIB DIISI'!S62 -> 0 | ... CX62: =CW62+'HARIAN WAJIB DIISI'!CX62 -> 0
B63: - Pekerjaan pembesian polos | F63: 235.67542 | G63: kg | H63: =H58 -> 11876.74 | I63: =H63*F63 -> 2799055.7 | J63: =I63/I$364*100 -> 0.27990493 | K63: ='HARIAN WAJIB DIISI'!K63 -> 0 | L63: =K63+'HARIAN WAJIB DIISI'!L63 -> 0 | M63: =L63+'HARIAN WAJIB DIISI'!M63 -> 0 | N63: =M63+'HARIAN WAJIB DIISI'!N63 -> 0 | O63: =N63+'HARIAN WAJIB DIISI'!O63 -> 0 | P63: =O63+'HARIAN WAJIB DIISI'!P63 -> 0 | Q63: =P63+'HARIAN WAJIB DIISI'!Q63 -> 0 | R63: =Q63+'HARIAN WAJIB DIISI'!R63 -> 0 | S63: =R63+'HARIAN WAJIB DIISI'!S63 -> 0 | ... CX63: =CW63+'HARIAN WAJIB DIISI'!CX63 -> 0
A64: 16 | B64: Pekerjaan wiremesh 1 layer M 8 | F64: 457.259 | G64: m² | H64: 30000 | I64: =H64*F64 -> 13717770 | J64: =I64/I$364*100 -> 1.3717738 | K64: ='HARIAN WAJIB DIISI'!K64 -> 0 | L64: =K64+'HARIAN WAJIB DIISI'!L64 -> 0 | M64: =L64+'HARIAN WAJIB DIISI'!M64 -> 0 | N64: =M64+'HARIAN WAJIB DIISI'!N64 -> 0 | O64: =N64+'HARIAN WAJIB DIISI'!O64 -> 0 | P64: =O64+'HARIAN WAJIB DIISI'!P64 -> 0 | Q64: =P64+'HARIAN WAJIB DIISI'!Q64 -> 0 | R64: =Q64+'HARIAN WAJIB DIISI'!R64 -> 0 | S64: =R64+'HARIAN WAJIB DIISI'!S64 -> 0 | ... CX64: =CW64+'HARIAN WAJIB DIISI'!CX64 -> 0
A65: 17 | B65: Pekerjaan plat lantai dasar beton K-175 tebal 10 cm | F65: 52.73 | G65: m³ | H65: 746641.5 | I65: =H65*F65 -> 39370406 | J65: =I65/I$364*100 -> 3.9370316 | K65: ='HARIAN WAJIB DIISI'!K65 -> 0 | L65: =K65+'HARIAN WAJIB DIISI'!L65 -> 0 | M65: =L65+'HARIAN WAJIB DIISI'!M65 -> 0 | N65: =M65+'HARIAN WAJIB DIISI'!N65 -> 0 | O65: =N65+'HARIAN WAJIB DIISI'!O65 -> 0 | P65: =O65+'HARIAN WAJIB DIISI'!P65 -> 0 | Q65: =P65+'HARIAN WAJIB DIISI'!Q65 -> 0 | R65: =Q65+'HARIAN WAJIB DIISI'!R65 -> 0 | S65: =R65+'HARIAN WAJIB DIISI'!S65 -> 0 | ... CX65: =CW65+'HARIAN WAJIB DIISI'!CX65 -> 0
K66: ='HARIAN WAJIB DIISI'!K66 -> 0 | L66: =K66+'HARIAN WAJIB DIISI'!L66 -> 0 | M66: =L66+'HARIAN WAJIB DIISI'!M66 -> 0 | N66: =M66+'HARIAN WAJIB DIISI'!N66 -> 0 | O66: =N66+'HARIAN WAJIB DIISI'!O66 -> 0 | P66: =O66+'HARIAN WAJIB DIISI'!P66 -> 0 | Q66: =P66+'HARIAN WAJIB DIISI'!Q66 -> 0 | R66: =Q66+'HARIAN WAJIB DIISI'!R66 -> 0 | S66: =R66+'HARIAN WAJIB DIISI'!S66 -> 0 | ... CX66: =CW66+'HARIAN WAJIB DIISI'!CX66 -> 0
B67: II.2 Pekerjaan Struktur Atas | K67: ='HARIAN WAJIB DIISI'!K67 -> 0 | L67: =K67+'HARIAN WAJIB DIISI'!L67 -> 0 | M67: =L67+'HARIAN WAJIB DIISI'!M67 -> 0 | N67: =M67+'HARIAN WAJIB DIISI'!N67 -> 0 | O67: =N67+'HARIAN WAJIB DIISI'!O67 -> 0 | P67: =O67+'HARIAN WAJIB DIISI'!P67 -> 0 | Q67: =P67+'HARIAN WAJIB DIISI'!Q67 -> 0 | R67: =Q67+'HARIAN WAJIB DIISI'!R67 -> 0 | S67: =R67+'HARIAN WAJIB DIISI'!S67 -> 0 | ... CX67: =CW67+'HARIAN WAJIB DIISI'!CX67 -> 0
B68: II.2.1 Pekerjaan Struktur Bangunan | I68: =SUM(I70:I162) -> 98001911 | K68: ='HARIAN WAJIB DIISI'!K68 -> 0 | L68: =K68+'HARIAN WAJIB DIISI'!L68 -> 0 | M68: =L68+'HARIAN WAJIB DIISI'!M68 -> 0 | N68: =M68+'HARIAN WAJIB DIISI'!N68 -> 0 | O68: =N68+'HARIAN WAJIB DIISI'!O68 -> 0 | P68: =O68+'HARIAN WAJIB DIISI'!P68 -> 0 | Q68: =P68+'HARIAN WAJIB DIISI'!Q68 -> 0 | R68: =Q68+'HARIAN WAJIB DIISI'!R68 -> 0 | S68: =R68+'HARIAN WAJIB DIISI'!S68 -> 0 | ... CX68: =CW68+'HARIAN WAJIB DIISI'!CX68 -> 0
A69: 1 | B69: Pekerjaan kolom tipe K1a ukuran 25 x 30 cm elv. +4.00 | K69: ='HARIAN WAJIB DIISI'!K69 -> 0 | L69: =K69+'HARIAN WAJIB DIISI'!L69 -> 0 | M69: =L69+'HARIAN WAJIB DIISI'!M69 -> 0 | N69: =M69+'HARIAN WAJIB DIISI'!N69 -> 0 | O69: =N69+'HARIAN WAJIB DIISI'!O69 -> 0 | P69: =O69+'HARIAN WAJIB DIISI'!P69 -> 0 | Q69: =P69+'HARIAN WAJIB DIISI'!Q69 -> 0 | R69: =Q69+'HARIAN WAJIB DIISI'!R69 -> 0 | S69: =R69+'HARIAN WAJIB DIISI'!S69 -> 0 | ... CX69: =CW69+'HARIAN WAJIB DIISI'!CX69 -> 0
B70: - Pekerjaan beton K-225 | F70: 0.6 | G70: m³ | H70: =H50 -> 772596 | I70: =H70*F70 -> 463557.6 | J70: =I70/I$364*100 -> 0.046355653 | K70: ='HARIAN WAJIB DIISI'!K70 -> 0 | L70: =K70+'HARIAN WAJIB DIISI'!L70 -> 0 | M70: =L70+'HARIAN WAJIB DIISI'!M70 -> 0 | N70: =M70+'HARIAN WAJIB DIISI'!N70 -> 0 | O70: =N70+'HARIAN WAJIB DIISI'!O70 -> 0 | P70: =O70+'HARIAN WAJIB DIISI'!P70 -> 0 | Q70: =P70+'HARIAN WAJIB DIISI'!Q70 -> 0 | R70: =Q70+'HARIAN WAJIB DIISI'!R70 -> 0 | S70: =R70+'HARIAN WAJIB DIISI'!S70 -> 0 | ... CX70: =CW70+'HARIAN WAJIB DIISI'!CX70 -> 0
B71: - Pekerjaan bekisting kolom | F71: 8.8 | G71: m² | H71: =H51 -> 87929.63 | I71: =H71*F71 -> 773780.74 | J71: =I71/I$364*100 -> 0.077377896 | K71: ='HARIAN WAJIB DIISI'!K71 -> 0 | L71: =K71+'HARIAN WAJIB DIISI'!L71 -> 0 | M71: =L71+'HARIAN WAJIB DIISI'!M71 -> 0 | N71: =M71+'HARIAN WAJIB DIISI'!N71 -> 0 | O71: =N71+'HARIAN WAJIB DIISI'!O71 -> 0 | P71: =O71+'HARIAN WAJIB DIISI'!P71 -> 0 | Q71: =P71+'HARIAN WAJIB DIISI'!Q71 -> 0 | R71: =Q71+'HARIAN WAJIB DIISI'!R71 -> 0 | S71: =R71+'HARIAN WAJIB DIISI'!S71 -> 0 | ... CX71: =CW71+'HARIAN WAJIB DIISI'!CX71 -> 0
B72: - Pekerjaan pembesian ulir | F72: 75.349123 | G72: kg | H72: =H52 -> 12818.52 | I72: =H72*F72 -> 965864.24 | J72: =I72/I$364*100 -> 0.096586202 | K72: ='HARIAN WAJIB DIISI'!K72 -> 0 | L72: =K72+'HARIAN WAJIB DIISI'!L72 -> 0 | M72: =L72+'HARIAN WAJIB DIISI'!M72 -> 0 | N72: =M72+'HARIAN WAJIB DIISI'!N72 -> 0 | O72: =N72+'HARIAN WAJIB DIISI'!O72 -> 0 | P72: =O72+'HARIAN WAJIB DIISI'!P72 -> 0 | Q72: =P72+'HARIAN WAJIB DIISI'!Q72 -> 0 | R72: =Q72+'HARIAN WAJIB DIISI'!R72 -> 0 | S72: =R72+'HARIAN WAJIB DIISI'!S72 -> 0 | ... CX72: =CW72+'HARIAN WAJIB DIISI'!CX72 -> 0
B73: - Pekerjaan pembesian polos | F73: 32.224504 | G73: kg | H73: =H53 -> 11876.74 | I73: =H73*F73 -> 382722.06 | J73: =I73/I$364*100 -> 0.038272118 | K73: ='HARIAN WAJIB DIISI'!K73 -> 0 | L73: =K73+'HARIAN WAJIB DIISI'!L73 -> 0 | M73: =L73+'HARIAN WAJIB DIISI'!M73 -> 0 | N73: =M73+'HARIAN WAJIB DIISI'!N73 -> 0 | O73: =N73+'HARIAN WAJIB DIISI'!O73 -> 0 | P73: =O73+'HARIAN WAJIB DIISI'!P73 -> 0 | Q73: =P73+'HARIAN WAJIB DIISI'!Q73 -> 0 | R73: =Q73+'HARIAN WAJIB DIISI'!R73 -> 0 | S73: =R73+'HARIAN WAJIB DIISI'!S73 -> 0 | ... CX73: =CW73+'HARIAN WAJIB DIISI'!CX73 -> 0
A74: 2 | B74: Pekerjaan kolom tipe K1a ukuran 25 x 30 cm elv. +2.00 | K74: ='HARIAN WAJIB DIISI'!K74 -> 0 | L74: =K74+'HARIAN WAJIB DIISI'!L74 -> 0 | M74: =L74+'HARIAN WAJIB DIISI'!M74 -> 0 | N74: =M74+'HARIAN WAJIB DIISI'!N74 -> 0 | O74: =N74+'HARIAN WAJIB DIISI'!O74 -> 0 | P74: =O74+'HARIAN WAJIB DIISI'!P74 -> 0 | Q74: =P74+'HARIAN WAJIB DIISI'!Q74 -> 0 | R74: =Q74+'HARIAN WAJIB DIISI'!R74 -> 0 | S74: =R74+'HARIAN WAJIB DIISI'!S74 -> 0 | ... CX74: =CW74+'HARIAN WAJIB DIISI'!CX74 -> 0
B75: - Pekerjaan beton K-225 | F75: 0.3 | G75: m³ | H75: =H70 -> 772596 | I75: =H75*F75 -> 231778.8 | J75: =I75/I$364*100 -> 0.023177827 | K75: ='HARIAN WAJIB DIISI'!K75 -> 0 | L75: =K75+'HARIAN WAJIB DIISI'!L75 -> 0 | M75: =L75+'HARIAN WAJIB DIISI'!M75 -> 0 | N75: =M75+'HARIAN WAJIB DIISI'!N75 -> 0 | O75: =N75+'HARIAN WAJIB DIISI'!O75 -> 0 | P75: =O75+'HARIAN WAJIB DIISI'!P75 -> 0 | Q75: =P75+'HARIAN WAJIB DIISI'!Q75 -> 0 | R75: =Q75+'HARIAN WAJIB DIISI'!R75 -> 0 | S75: =R75+'HARIAN WAJIB DIISI'!S75 -> 0 | ... CX75: =CW75+'HARIAN WAJIB DIISI'!CX75 -> 0
B76: - Pekerjaan bekisting kolom | F76: 4.4 | G76: m² | H76: =H71 -> 87929.63 | I76: =H76*F76 -> 386890.37 | J76: =I76/I$364*100 -> 0.038688948 | K76: ='HARIAN WAJIB DIISI'!K76 -> 0 | L76: =K76+'HARIAN WAJIB DIISI'!L76 -> 0 | M76: =L76+'HARIAN WAJIB DIISI'!M76 -> 0 | N76: =M76+'HARIAN WAJIB DIISI'!N76 -> 0 | O76: =N76+'HARIAN WAJIB DIISI'!O76 -> 0 | P76: =O76+'HARIAN WAJIB DIISI'!P76 -> 0 | Q76: =P76+'HARIAN WAJIB DIISI'!Q76 -> 0 | R76: =Q76+'HARIAN WAJIB DIISI'!R76 -> 0 | S76: =R76+'HARIAN WAJIB DIISI'!S76 -> 0 | ... CX76: =CW76+'HARIAN WAJIB DIISI'!CX76 -> 0
B77: - Pekerjaan pembesian ulir | F77: 42.008803 | G77: kg | H77: =H72 -> 12818.52 | I77: =H77*F77 -> 538490.68 | J77: =I77/I$364*100 -> 0.053848944 | K77: ='HARIAN WAJIB DIISI'!K77 -> 0 | L77: =K77+'HARIAN WAJIB DIISI'!L77 -> 0 | M77: =L77+'HARIAN WAJIB DIISI'!M77 -> 0 | N77: =M77+'HARIAN WAJIB DIISI'!N77 -> 0 | O77: =N77+'HARIAN WAJIB DIISI'!O77 -> 0 | P77: =O77+'HARIAN WAJIB DIISI'!P77 -> 0 | Q77: =P77+'HARIAN WAJIB DIISI'!Q77 -> 0 | R77: =Q77+'HARIAN WAJIB DIISI'!R77 -> 0 | S77: =R77+'HARIAN WAJIB DIISI'!S77 -> 0 | ... CX77: =CW77+'HARIAN WAJIB DIISI'!CX77 -> 0
B78: - Pekerjaan pembesian polos | F78: 16.505234 | G78: kg | H78: =H73 -> 11876.74 | I78: =H78*F78 -> 196028.37 | J78: =I78/I$364*100 -> 0.019602792 | K78: ='HARIAN WAJIB DIISI'!K78 -> 0 | L78: =K78+'HARIAN WAJIB DIISI'!L78 -> 0 | M78: =L78+'HARIAN WAJIB DIISI'!M78 -> 0 | N78: =M78+'HARIAN WAJIB DIISI'!N78 -> 0 | O78: =N78+'HARIAN WAJIB DIISI'!O78 -> 0 | P78: =O78+'HARIAN WAJIB DIISI'!P78 -> 0 | Q78: =P78+'HARIAN WAJIB DIISI'!Q78 -> 0 | R78: =Q78+'HARIAN WAJIB DIISI'!R78 -> 0 | S78: =R78+'HARIAN WAJIB DIISI'!S78 -> 0 | ... CX78: =CW78+'HARIAN WAJIB DIISI'!CX78 -> 0
A79: 3 | B79: Pekerjaan kolom tipe K1b ukuran 25 x 30 cm elv. +4.00 | K79: ='HARIAN WAJIB DIISI'!K79 -> 0 | L79: =K79+'HARIAN WAJIB DIISI'!L79 -> 0 | M79: =L79+'HARIAN WAJIB DIISI'!M79 -> 0 | N79: =M79+'HARIAN WAJIB DIISI'!N79 -> 0 | O79: =N79+'HARIAN WAJIB DIISI'!O79 -> 0 | P79: =O79+'HARIAN WAJIB DIISI'!P79 -> 0 | Q79: =P79+'HARIAN WAJIB DIISI'!Q79 -> 0 | R79: =Q79+'HARIAN WAJIB DIISI'!R79 -> 0 | S79: =R79+'HARIAN WAJIB DIISI'!S79 -> 0 | ... CX79: =CW79+'HARIAN WAJIB DIISI'!CX79 -> 0
B80: - Pekerjaan beton K-225 | F80: 2.1 | G80: m³ | H80: =H75 -> 772596 | I80: =H80*F80 -> 1622451.6 | J80: =I80/I$364*100 -> 0.16224479 | K80: ='HARIAN WAJIB DIISI'!K80 -> 0 | L80: =K80+'HARIAN WAJIB DIISI'!L80 -> 0 | M80: =L80+'HARIAN WAJIB DIISI'!M80 -> 0 | N80: =M80+'HARIAN WAJIB DIISI'!N80 -> 0 | O80: =N80+'HARIAN WAJIB DIISI'!O80 -> 0 | P80: =O80+'HARIAN WAJIB DIISI'!P80 -> 0 | Q80: =P80+'HARIAN WAJIB DIISI'!Q80 -> 0 | R80: =Q80+'HARIAN WAJIB DIISI'!R80 -> 0 | S80: =R80+'HARIAN WAJIB DIISI'!S80 -> 0 | ... CX80: =CW80+'HARIAN WAJIB DIISI'!CX80 -> 0
B81: - Pekerjaan bekisting kolom | F81: 30.8 | G81: m² | H81: =H76 -> 87929.63 | I81: =H81*F81 -> 2708232.6 | J81: =I81/I$364*100 -> 0.27082264 | K81: ='HARIAN WAJIB DIISI'!K81 -> 0 | L81: =K81+'HARIAN WAJIB DIISI'!L81 -> 0 | M81: =L81+'HARIAN WAJIB DIISI'!M81 -> 0 | N81: =M81+'HARIAN WAJIB DIISI'!N81 -> 0 | O81: =N81+'HARIAN WAJIB DIISI'!O81 -> 0 | P81: =O81+'HARIAN WAJIB DIISI'!P81 -> 0 | Q81: =P81+'HARIAN WAJIB DIISI'!Q81 -> 0 | R81: =Q81+'HARIAN WAJIB DIISI'!R81 -> 0 | S81: =R81+'HARIAN WAJIB DIISI'!S81 -> 0 | ... CX81: =CW81+'HARIAN WAJIB DIISI'!CX81 -> 0
B82: - Pekerjaan pembesian ulir | F82: 263.72193 | G82: kg | H82: =H77 -> 12818.52 | I82: =H82*F82 -> 3380524.8 | J82: =I82/I$364*100 -> 0.33805171 | K82: ='HARIAN WAJIB DIISI'!K82 -> 0 | L82: =K82+'HARIAN WAJIB DIISI'!L82 -> 0 | M82: =L82+'HARIAN WAJIB DIISI'!M82 -> 0 | N82: =M82+'HARIAN WAJIB DIISI'!N82 -> 0 | O82: =N82+'HARIAN WAJIB DIISI'!O82 -> 0 | P82: =O82+'HARIAN WAJIB DIISI'!P82 -> 0 | Q82: =P82+'HARIAN WAJIB DIISI'!Q82 -> 0 | R82: =Q82+'HARIAN WAJIB DIISI'!R82 -> 0 | S82: =R82+'HARIAN WAJIB DIISI'!S82 -> 0 | ... CX82: =CW82+'HARIAN WAJIB DIISI'!CX82 -> 0
B83: - Pekerjaan pembesian polos | F83: 112.78577 | G83: kg | H83: =H78 -> 11876.74 | I83: =H83*F83 -> 1339527.2 | J83: =I83/I$364*100 -> 0.13395241 | K83: ='HARIAN WAJIB DIISI'!K83 -> 0 | L83: =K83+'HARIAN WAJIB DIISI'!L83 -> 0 | M83: =L83+'HARIAN WAJIB DIISI'!M83 -> 0 | N83: =M83+'HARIAN WAJIB DIISI'!N83 -> 0 | O83: =N83+'HARIAN WAJIB DIISI'!O83 -> 0 | P83: =O83+'HARIAN WAJIB DIISI'!P83 -> 0 | Q83: =P83+'HARIAN WAJIB DIISI'!Q83 -> 0 | R83: =Q83+'HARIAN WAJIB DIISI'!R83 -> 0 | S83: =R83+'HARIAN WAJIB DIISI'!S83 -> 0 | ... CX83: =CW83+'HARIAN WAJIB DIISI'!CX83 -> 0
A84: 4 | B84: Pekerjaan kolom tipe K1b ukuran 25 x 30 cm elv. +2.00 | K84: ='HARIAN WAJIB DIISI'!K84 -> 0 | L84: =K84+'HARIAN WAJIB DIISI'!L84 -> 0 | M84: =L84+'HARIAN WAJIB DIISI'!M84 -> 0 | N84: =M84+'HARIAN WAJIB DIISI'!N84 -> 0 | O84: =N84+'HARIAN WAJIB DIISI'!O84 -> 0 | P84: =O84+'HARIAN WAJIB DIISI'!P84 -> 0 | Q84: =P84+'HARIAN WAJIB DIISI'!Q84 -> 0 | R84: =Q84+'HARIAN WAJIB DIISI'!R84 -> 0 | S84: =R84+'HARIAN WAJIB DIISI'!S84 -> 0 | ... CX84: =CW84+'HARIAN WAJIB DIISI'!CX84 -> 0
B85: - Pekerjaan beton K-225 | F85: 1.05 | G85: m³ | H85: =H80 -> 772596 | I85: =H85*F85 -> 811225.8 | J85: =I85/I$364*100 -> 0.081122393 | K85: ='HARIAN WAJIB DIISI'!K85 -> 0 | L85: =K85+'HARIAN WAJIB DIISI'!L85 -> 0 | M85: =L85+'HARIAN WAJIB DIISI'!M85 -> 0 | N85: =M85+'HARIAN WAJIB DIISI'!N85 -> 0 | O85: =N85+'HARIAN WAJIB DIISI'!O85 -> 0 | P85: =O85+'HARIAN WAJIB DIISI'!P85 -> 0 | Q85: =P85+'HARIAN WAJIB DIISI'!Q85 -> 0 | R85: =Q85+'HARIAN WAJIB DIISI'!R85 -> 0 | S85: =R85+'HARIAN WAJIB DIISI'!S85 -> 0 | ... CX85: =CW85+'HARIAN WAJIB DIISI'!CX85 -> 0
B86: - Pekerjaan bekisting kolom | F86: 38.4 | G86: m² | H86: =H81 -> 87929.63 | I86: =H86*F86 -> 3376497.8 | J86: =I86/I$364*100 -> 0.337649 | K86: ='HARIAN WAJIB DIISI'!K86 -> 0 | L86: =K86+'HARIAN WAJIB DIISI'!L86 -> 0 | M86: =L86+'HARIAN WAJIB DIISI'!M86 -> 0 | N86: =M86+'HARIAN WAJIB DIISI'!N86 -> 0 | O86: =N86+'HARIAN WAJIB DIISI'!O86 -> 0 | P86: =O86+'HARIAN WAJIB DIISI'!P86 -> 0 | Q86: =P86+'HARIAN WAJIB DIISI'!Q86 -> 0 | R86: =Q86+'HARIAN WAJIB DIISI'!R86 -> 0 | S86: =R86+'HARIAN WAJIB DIISI'!S86 -> 0 | ... CX86: =CW86+'HARIAN WAJIB DIISI'!CX86 -> 0
B87: - Pekerjaan pembesian ulir | F87: 147.03081 | G87: kg | H87: =H82 -> 12818.52 | I87: =H87*F87 -> 1884717.4 | J87: =I87/I$364*100 -> 0.1884713 | K87: ='HARIAN WAJIB DIISI'!K87 -> 0 | L87: =K87+'HARIAN WAJIB DIISI'!L87 -> 0 | M87: =L87+'HARIAN WAJIB DIISI'!M87 -> 0 | N87: =M87+'HARIAN WAJIB DIISI'!N87 -> 0 | O87: =N87+'HARIAN WAJIB DIISI'!O87 -> 0 | P87: =O87+'HARIAN WAJIB DIISI'!P87 -> 0 | Q87: =P87+'HARIAN WAJIB DIISI'!Q87 -> 0 | R87: =Q87+'HARIAN WAJIB DIISI'!R87 -> 0 | S87: =R87+'HARIAN WAJIB DIISI'!S87 -> 0 | ... CX87: =CW87+'HARIAN WAJIB DIISI'!CX87 -> 0
B88: - Pekerjaan pembesian polos | F88: 137.77 | G88: kg | H88: =H83 -> 11876.74 | I88: =H88*F88 -> 1636258.5 | J88: =I88/I$364*100 -> 0.16362547 | K88: ='HARIAN WAJIB DIISI'!K88 -> 0 | L88: =K88+'HARIAN WAJIB DIISI'!L88 -> 0 | M88: =L88+'HARIAN WAJIB DIISI'!M88 -> 0 | N88: =M88+'HARIAN WAJIB DIISI'!N88 -> 0 | O88: =N88+'HARIAN WAJIB DIISI'!O88 -> 0 | P88: =O88+'HARIAN WAJIB DIISI'!P88 -> 0 | Q88: =P88+'HARIAN WAJIB DIISI'!Q88 -> 0 | R88: =Q88+'HARIAN WAJIB DIISI'!R88 -> 0 | S88: =R88+'HARIAN WAJIB DIISI'!S88 -> 0 | ... CX88: =CW88+'HARIAN WAJIB DIISI'!CX88 -> 0
A89: 5 | B89: Pekerjaan kolom tipe K2 ukuran 20 x 20 cm elv. +4.00 | K89: ='HARIAN WAJIB DIISI'!K89 -> 0 | L89: =K89+'HARIAN WAJIB DIISI'!L89 -> 0 | M89: =L89+'HARIAN WAJIB DIISI'!M89 -> 0 | N89: =M89+'HARIAN WAJIB DIISI'!N89 -> 0 | O89: =N89+'HARIAN WAJIB DIISI'!O89 -> 0 | P89: =O89+'HARIAN WAJIB DIISI'!P89 -> 0 | Q89: =P89+'HARIAN WAJIB DIISI'!Q89 -> 0 | R89: =Q89+'HARIAN WAJIB DIISI'!R89 -> 0 | S89: =R89+'HARIAN WAJIB DIISI'!S89 -> 0 | ... CX89: =CW89+'HARIAN WAJIB DIISI'!CX89 -> 0
B90: - Pekerjaan beton K-225 | F90: 0.32 | G90: m³ | H90: =H85 -> 772596 | I90: =H90*F90 -> 247230.72 | J90: =I90/I$364*100 -> 0.024723015 | K90: ='HARIAN WAJIB DIISI'!K90 -> 0 | L90: =K90+'HARIAN WAJIB DIISI'!L90 -> 0 | M90: =L90+'HARIAN WAJIB DIISI'!M90 -> 0 | N90: =M90+'HARIAN WAJIB DIISI'!N90 -> 0 | O90: =N90+'HARIAN WAJIB DIISI'!O90 -> 0 | P90: =O90+'HARIAN WAJIB DIISI'!P90 -> 0 | Q90: =P90+'HARIAN WAJIB DIISI'!Q90 -> 0 | R90: =Q90+'HARIAN WAJIB DIISI'!R90 -> 0 | S90: =R90+'HARIAN WAJIB DIISI'!S90 -> 0 | ... CX90: =CW90+'HARIAN WAJIB DIISI'!CX90 -> 0
B91: - Pekerjaan bekisting kolom | F91: 6.4 | G91: m² | H91: =H86 -> 87929.63 | I91: =H91*F91 -> 562749.63 | J91: =I91/I$364*100 -> 0.056274833 | K91: ='HARIAN WAJIB DIISI'!K91 -> 0 | L91: =K91+'HARIAN WAJIB DIISI'!L91 -> 0 | M91: =L91+'HARIAN WAJIB DIISI'!M91 -> 0 | N91: =M91+'HARIAN WAJIB DIISI'!N91 -> 0 | O91: =N91+'HARIAN WAJIB DIISI'!O91 -> 0 | P91: =O91+'HARIAN WAJIB DIISI'!P91 -> 0 | Q91: =P91+'HARIAN WAJIB DIISI'!Q91 -> 0 | R91: =Q91+'HARIAN WAJIB DIISI'!R91 -> 0 | S91: =R91+'HARIAN WAJIB DIISI'!S91 -> 0 | ... CX91: =CW91+'HARIAN WAJIB DIISI'!CX91 -> 0
B92: - Pekerjaan pembesian ulir | F92: 37.674562 | G92: kg | H92: =H87 -> 12818.52 | I92: =H92*F92 -> 482932.12 | J92: =I92/I$364*100 -> 0.048293101 | K92: ='HARIAN WAJIB DIISI'!K92 -> 0 | L92: =K92+'HARIAN WAJIB DIISI'!L92 -> 0 | M92: =L92+'HARIAN WAJIB DIISI'!M92 -> 0 | N92: =M92+'HARIAN WAJIB DIISI'!N92 -> 0 | O92: =N92+'HARIAN WAJIB DIISI'!O92 -> 0 | P92: =O92+'HARIAN WAJIB DIISI'!P92 -> 0 | Q92: =P92+'HARIAN WAJIB DIISI'!Q92 -> 0 | R92: =Q92+'HARIAN WAJIB DIISI'!R92 -> 0 | S92: =R92+'HARIAN WAJIB DIISI'!S92 -> 0 | ... CX92: =CW92+'HARIAN WAJIB DIISI'!CX92 -> 0
B93: - Pekerjaan pembesian polos | F93: 22.518328 | G93: kg | H93: =H88 -> 11876.74 | I93: =H93*F93 -> 267444.33 | J93: =I93/I$364*100 -> 0.026744371 | K93: ='HARIAN WAJIB DIISI'!K93 -> 0 | L93: =K93+'HARIAN WAJIB DIISI'!L93 -> 0 | M93: =L93+'HARIAN WAJIB DIISI'!M93 -> 0 | N93: =M93+'HARIAN WAJIB DIISI'!N93 -> 0 | O93: =N93+'HARIAN WAJIB DIISI'!O93 -> 0 | P93: =O93+'HARIAN WAJIB DIISI'!P93 -> 0 | Q93: =P93+'HARIAN WAJIB DIISI'!Q93 -> 0 | R93: =Q93+'HARIAN WAJIB DIISI'!R93 -> 0 | S93: =R93+'HARIAN WAJIB DIISI'!S93 -> 0 | ... CX93: =CW93+'HARIAN WAJIB DIISI'!CX93 -> 0
A94: 6 | B94: Pekerjaan kolom tipe K2 ukuran 20 x 20 cm elv. +3.20 | K94: ='HARIAN WAJIB DIISI'!K94 -> 0 | L94: =K94+'HARIAN WAJIB DIISI'!L94 -> 0 | M94: =L94+'HARIAN WAJIB DIISI'!M94 -> 0 | N94: =M94+'HARIAN WAJIB DIISI'!N94 -> 0 | O94: =N94+'HARIAN WAJIB DIISI'!O94 -> 0 | P94: =O94+'HARIAN WAJIB DIISI'!P94 -> 0 | Q94: =P94+'HARIAN WAJIB DIISI'!Q94 -> 0 | R94: =Q94+'HARIAN WAJIB DIISI'!R94 -> 0 | S94: =R94+'HARIAN WAJIB DIISI'!S94 -> 0 | ... CX94: =CW94+'HARIAN WAJIB DIISI'!CX94 -> 0
B95: - Pekerjaan beton K-225 | F95: 0.128 | G95: m³ | H95: =H90 -> 772596 | I95: =H95*F95 -> 98892.288 | J95: =I95/I$364*100 -> 0.009889206 | K95: ='HARIAN WAJIB DIISI'!K95 -> 0 | L95: =K95+'HARIAN WAJIB DIISI'!L95 -> 0 | M95: =L95+'HARIAN WAJIB DIISI'!M95 -> 0 | N95: =M95+'HARIAN WAJIB DIISI'!N95 -> 0 | O95: =N95+'HARIAN WAJIB DIISI'!O95 -> 0 | P95: =O95+'HARIAN WAJIB DIISI'!P95 -> 0 | Q95: =P95+'HARIAN WAJIB DIISI'!Q95 -> 0 | R95: =Q95+'HARIAN WAJIB DIISI'!R95 -> 0 | S95: =R95+'HARIAN WAJIB DIISI'!S95 -> 0 | ... CX95: =CW95+'HARIAN WAJIB DIISI'!CX95 -> 0
B96: - Pekerjaan bekisting kolom | F96: 2.56 | G96: m² | H96: =H91 -> 87929.63 | I96: =H96*F96 -> 225099.85 | J96: =I96/I$364*100 -> 0.022509933 | K96: ='HARIAN WAJIB DIISI'!K96 -> 0 | L96: =K96+'HARIAN WAJIB DIISI'!L96 -> 0 | M96: =L96+'HARIAN WAJIB DIISI'!M96 -> 0 | N96: =M96+'HARIAN WAJIB DIISI'!N96 -> 0 | O96: =N96+'HARIAN WAJIB DIISI'!O96 -> 0 | P96: =O96+'HARIAN WAJIB DIISI'!P96 -> 0 | Q96: =P96+'HARIAN WAJIB DIISI'!Q96 -> 0 | R96: =Q96+'HARIAN WAJIB DIISI'!R96 -> 0 | S96: =R96+'HARIAN WAJIB DIISI'!S96 -> 0 | ... CX96: =CW96+'HARIAN WAJIB DIISI'!CX96 -> 0
B97: - Pekerjaan pembesian ulir | F97: 15.503249 | G97: kg | H97: =H92 -> 12818.52 | I97: =H97*F97 -> 198728.7 | J97: =I97/I$364*100 -> 0.019872825 | K97: ='HARIAN WAJIB DIISI'!K97 -> 0 | L97: =K97+'HARIAN WAJIB DIISI'!L97 -> 0 | M97: =L97+'HARIAN WAJIB DIISI'!M97 -> 0 | N97: =M97+'HARIAN WAJIB DIISI'!N97 -> 0 | O97: =N97+'HARIAN WAJIB DIISI'!O97 -> 0 | P97: =O97+'HARIAN WAJIB DIISI'!P97 -> 0 | Q97: =P97+'HARIAN WAJIB DIISI'!Q97 -> 0 | R97: =Q97+'HARIAN WAJIB DIISI'!R97 -> 0 | S97: =R97+'HARIAN WAJIB DIISI'!S97 -> 0 | ... CX97: =CW97+'HARIAN WAJIB DIISI'!CX97 -> 0
B98: - Pekerjaan pembesian polos | F98: 9.0622541 | G98: kg | H98: =H93 -> 11876.74 | I98: =H98*F98 -> 107630.04 | J98: =I98/I$364*100 -> 0.010762979 | K98: ='HARIAN WAJIB DIISI'!K98 -> 0 | L98: =K98+'HARIAN WAJIB DIISI'!L98 -> 0 | M98: =L98+'HARIAN WAJIB DIISI'!M98 -> 0 | N98: =M98+'HARIAN WAJIB DIISI'!N98 -> 0 | O98: =N98+'HARIAN WAJIB DIISI'!O98 -> 0 | P98: =O98+'HARIAN WAJIB DIISI'!P98 -> 0 | Q98: =P98+'HARIAN WAJIB DIISI'!Q98 -> 0 | R98: =Q98+'HARIAN WAJIB DIISI'!R98 -> 0 | S98: =R98+'HARIAN WAJIB DIISI'!S98 -> 0 | ... CX98: =CW98+'HARIAN WAJIB DIISI'!CX98 -> 0
A99: 7 | B99: Pekerjaan kolom tipe K2 ukuran 20 x 20 cm elv. +2.00 | K99: ='HARIAN WAJIB DIISI'!K99 -> 0 | L99: =K99+'HARIAN WAJIB DIISI'!L99 -> 0 | M99: =L99+'HARIAN WAJIB DIISI'!M99 -> 0 | N99: =M99+'HARIAN WAJIB DIISI'!N99 -> 0 | O99: =N99+'HARIAN WAJIB DIISI'!O99 -> 0 | P99: =O99+'HARIAN WAJIB DIISI'!P99 -> 0 | Q99: =P99+'HARIAN WAJIB DIISI'!Q99 -> 0 | R99: =Q99+'HARIAN WAJIB DIISI'!R99 -> 0 | S99: =R99+'HARIAN WAJIB DIISI'!S99 -> 0 | ... CX99: =CW99+'HARIAN WAJIB DIISI'!CX99 -> 0
B100: - Pekerjaan beton K-225 | F100: 0.24 | G100: m³ | H100: =H95 -> 772596 | I100: =H100*F100 -> 185423.04 | J100: =I100/I$364*100 -> 0.018542261 | K100: ='HARIAN WAJIB DIISI'!K100 -> 0 | L100: =K100+'HARIAN WAJIB DIISI'!L100 -> 0 | M100: =L100+'HARIAN WAJIB DIISI'!M100 -> 0 | N100: =M100+'HARIAN WAJIB DIISI'!N100 -> 0 | O100: =N100+'HARIAN WAJIB DIISI'!O100 -> 0 | P100: =O100+'HARIAN WAJIB DIISI'!P100 -> 0 | Q100: =P100+'HARIAN WAJIB DIISI'!Q100 -> 0 | R100: =Q100+'HARIAN WAJIB DIISI'!R100 -> 0 | S100: =R100+'HARIAN WAJIB DIISI'!S100 -> 0 | ... CX100: =CW100+'HARIAN WAJIB DIISI'!CX100 -> 0
B101: - Pekerjaan bekisting kolom | F101: 4.8 | G101: m² | H101: =H96 -> 87929.63 | I101: =H101*F101 -> 422062.22 | J101: =I101/I$364*100 -> 0.042206125 | K101: ='HARIAN WAJIB DIISI'!K101 -> 0 | L101: =K101+'HARIAN WAJIB DIISI'!L101 -> 0 | M101: =L101+'HARIAN WAJIB DIISI'!M101 -> 0 | N101: =M101+'HARIAN WAJIB DIISI'!N101 -> 0 | O101: =N101+'HARIAN WAJIB DIISI'!O101 -> 0 | P101: =O101+'HARIAN WAJIB DIISI'!P101 -> 0 | Q101: =P101+'HARIAN WAJIB DIISI'!Q101 -> 0 | R101: =Q101+'HARIAN WAJIB DIISI'!R101 -> 0 | S101: =R101+'HARIAN WAJIB DIISI'!S101 -> 0 | ... CX101: =CW101+'HARIAN WAJIB DIISI'!CX101 -> 0
B102: - Pekerjaan pembesian ulir | F102: 31.506602 | G102: kg | H102: =H97 -> 12818.52 | I102: =H102*F102 -> 403868.01 | J102: =I102/I$364*100 -> 0.040386708 | K102: ='HARIAN WAJIB DIISI'!K102 -> 0 | L102: =K102+'HARIAN WAJIB DIISI'!L102 -> 0 | M102: =L102+'HARIAN WAJIB DIISI'!M102 -> 0 | N102: =M102+'HARIAN WAJIB DIISI'!N102 -> 0 | O102: =N102+'HARIAN WAJIB DIISI'!O102 -> 0 | P102: =O102+'HARIAN WAJIB DIISI'!P102 -> 0 | Q102: =P102+'HARIAN WAJIB DIISI'!Q102 -> 0 | R102: =Q102+'HARIAN WAJIB DIISI'!R102 -> 0 | S102: =R102+'HARIAN WAJIB DIISI'!S102 -> 0 | ... CX102: =CW102+'HARIAN WAJIB DIISI'!CX102 -> 0
B103: - Pekerjaan pembesian polos | F103: 17.300667 | G103: kg | H103: =H98 -> 11876.74 | I103: =H103*F103 -> 205475.52 | J103: =I103/I$364*100 -> 0.020547505 | K103: ='HARIAN WAJIB DIISI'!K103 -> 0 | L103: =K103+'HARIAN WAJIB DIISI'!L103 -> 0 | M103: =L103+'HARIAN WAJIB DIISI'!M103 -> 0 | N103: =M103+'HARIAN WAJIB DIISI'!N103 -> 0 | O103: =N103+'HARIAN WAJIB DIISI'!O103 -> 0 | P103: =O103+'HARIAN WAJIB DIISI'!P103 -> 0 | Q103: =P103+'HARIAN WAJIB DIISI'!Q103 -> 0 | R103: =Q103+'HARIAN WAJIB DIISI'!R103 -> 0 | S103: =R103+'HARIAN WAJIB DIISI'!S103 -> 0 | ... CX103: =CW103+'HARIAN WAJIB DIISI'!CX103 -> 0
...

Sheet PROGRES BOBOT
A1: LAPJUSIK HARIAN
A3: PEKERJAAN | D3: : PEMBANGUNAN KOPERASI MERAH PUTIH PT. AGRINAS PANGAN NUSANTARA (PERSERO)
A4: LOKASI | D4: : PROVINSI JAWA TENGAH
A5: TAHUN ANGGARAN | D5: : 2025
A7: NO | B7: URAIAN PEKERJAAN | F7: VOLUME | G7: SATUAN | H7: HARGA SATUAN | I7: JUMLAH HARGA SATUAN | J7: NILAI BOBOT (%) | K7: NOVEMBER | AO7: DESEMBER | BT7: JANUARI
K8: SAB | L8: MING | M8: SEN | N8: SEL | O8: RAB | P8: KAM | Q8: JUM | R8: SAB | S8: MING | T8: SEN | U8: SEL | V8: RAB | W8: KAM | X8: JUM | Y8: SAB | Z8: MING | AA8: SEN | AB8: SEL | AC8: RAB | AD8: KAM | AE8: JUM | AF8: SAB | AG8: MING | AH8: SEN | AI8: SEL | AJ8: RAB | AK8: KAM | AL8: JUM | AM8: SAB | AN8: MING | AO8: SEN | AP8: SEL | AQ8: RAB | AR8: KAM | AS8: JUM | AT8: SAB | AU8: MING | AV8: SEN | AW8: SEL | AX8: RAB | AY8: KAM | AZ8: JUM | BA8: SAB | BB8: MING | BC8: SEN | BD8: SEL | BE8: RAB | BF8: KAM | BG8: JUM | BH8: SAB | BI8: MING | BJ8: SEN | BK8: SEL | BL8: RAB | BM8: KAM | BN8: JUM | BO8: SAB | BP8: MING | BQ8: SEN | BR8: SEL | BS8: RAB | BT8: KAM | BU8: JUM | BV8: SAB | BW8: MING | BX8: SEN | BY8: SEL | BZ8: RAB | CA8: KAM | CB8: JUM | CC8: SAB | CD8: MING | CE8: SEN | CF8: SEL | CG8: RAB | CH8: KAM | CI8: JUM | CJ8: SAB | CK8: MING | CL8: SEN | CM8: SEL | CN8: RAB | CO8: KAM | CP8: JUM | CQ8: SAB | CR8: MING | CS8: SEN | CT8: SEL | CU8: RAB | CV8: KAM | CW8: JUM | CX8: SAB
H9: (Rp) | I9: (Rp) | K9: 1 | L9: 2 | M9: 3 | N9: 4 | O9: 5 | P9: 6 | Q9: 7 | R9: 8 | S9: 9 | T9: 10 | U9: 11 | V9: 12 | W9: 13 | X9: 14 | Y9: 15 | Z9: 16 | AA9: 17 | AB9: 18 | AC9: 19 | AD9: 20 | AE9: 21 | AF9: 22 | AG9: 23 | AH9: 24 | AI9: 25 | AJ9: 26 | AK9: 27 | AL9: 28 | AM9: 29 | AN9: 30 | AO9: 1 | AP9: 2 | AQ9: 3 | AR9: 4 | AS9: 5 | AT9: 6 | AU9: 7 | AV9: 8 | AW9: 9 | AX9: 10 | AY9: 11 | AZ9: 12 | BA9: 13 | BB9: 14 | BC9: 15 | BD9: 16 | BE9: 17 | BF9: 18 | BG9: 19 | BH9: 20 | BI9: 21 | BJ9: 22 | BK9: 23 | BL9: 24 | BM9: 25 | BN9: 26 | BO9: 27 | BP9: 28 | BQ9: 29 | BR9: 30 | BS9: 31 | BT9: 1 | BU9: 2 | BV9: 3 | BW9: 4 | BX9: 5 | BY9: 6 | BZ9: 7 | CA9: 8 | CB9: 9 | CC9: 10 | CD9: 11 | CE9: 12 | CF9: 13 | CG9: 14 | CH9: 15 | CI9: 16 | CJ9: 17 | CK9: 18 | CL9: 19 | CM9: 20 | CN9: 21 | CO9: 22 | CP9: 23 | CQ9: 24 | CR9: 25 | CS9: 26 | CT9: 27 | CU9: 28 | CV9: 29 | CW9: 30 | CX9: 31
A11: I | B11: PEKERJAAN PERSIAPAN | I11: =SUM(I12:I13) -> 21788295
A12: 1 | B12: Pengukuran dan pasang bouwplank | F12: 60.3 | G12: m' | H12: 78900 | I12: =H12*F12 -> 4757670 | J12: =I12/I$364*100 -> 0.4757659 | K12: ='HARIAN KOMULATIF'!K12/100*'PROGRES BOBOT'!$J12 -> 0.4757659 | L12: ='HARIAN KOMULATIF'!L12/100*'PROGRES BOBOT'!$J12 -> 0.4757659 | M12: ='HARIAN KOMULATIF'!M12/100*'PROGRES BOBOT'!$J12 -> 0.4757659 | N12: ='HARIAN KOMULATIF'!N12/100*'PROGRES BOBOT'!$J12 -> 0.4757659 | O12: ='HARIAN KOMULATIF'!O12/100*'PROGRES BOBOT'!$J12 -> 0.4757659 | P12: ='HARIAN KOMULATIF'!P12/100*'PROGRES BOBOT'!$J12 -> 0.4757659 | Q12: ='HARIAN KOMULATIF'!Q12/100*'PROGRES BOBOT'!$J12 -> 0.4757659 | R12: ='HARIAN KOMULATIF'!R12/100*'PROGRES BOBOT'!$J12 -> 0.4757659 | ... CX12: ='HARIAN KOMULATIF'!CX12/100*'PROGRES BOBOT'!$J12 -> 0.4757659
A13: 2 | B13: Pembersihan lahan awal sampai akhir pekerjaan | F13: 908.3 | G13: m² | H13: 18750 | I13: =H13*F13 -> 17030625 | J13: =I13/I$364*100 -> 1.7030586 | K13: ='HARIAN KOMULATIF'!K13/100*'PROGRES BOBOT'!$J13 -> 0 | L13: ='HARIAN KOMULATIF'!L13/100*'PROGRES BOBOT'!$J13 -> 0.85152929 | M13: ='HARIAN KOMULATIF'!M13/100*'PROGRES BOBOT'!$J13 -> 1.7030586 | N13: ='HARIAN KOMULATIF'!N13/100*'PROGRES BOBOT'!$J13 -> 1.7030586 | O13: ='HARIAN KOMULATIF'!O13/100*'PROGRES BOBOT'!$J13 -> 1.7030586 | P13: ='HARIAN KOMULATIF'!P13/100*'PROGRES BOBOT'!$J13 -> 1.7030586 | Q13: ='HARIAN KOMULATIF'!Q13/100*'PROGRES BOBOT'!$J13 -> 1.7030586 | R13: ='HARIAN KOMULATIF'!R13/100*'PROGRES BOBOT'!$J13 -> 1.7030586 | ... CX13: ='HARIAN KOMULATIF'!CX13/100*'PROGRES BOBOT'!$J13 -> 1.7030586
K14: ='HARIAN KOMULATIF'!K14/100*'PROGRES BOBOT'!$J14 -> 0 | L14: ='HARIAN KOMULATIF'!L14/100*'PROGRES BOBOT'!$J14 -> 0 | M14: ='HARIAN KOMULATIF'!M14/100*'PROGRES BOBOT'!$J14 -> 0 | N14: ='HARIAN KOMULATIF'!N14/100*'PROGRES BOBOT'!$J14 -> 0 | O14: ='HARIAN KOMULATIF'!O14/100*'PROGRES BOBOT'!$J14 -> 0 | P14: ='HARIAN KOMULATIF'!P14/100*'PROGRES BOBOT'!$J14 -> 0 | Q14: ='HARIAN KOMULATIF'!Q14/100*'PROGRES BOBOT'!$J14 -> 0 | R14: ='HARIAN KOMULATIF'!R14/100*'PROGRES BOBOT'!$J14 -> 0 | ... CX14: ='HARIAN KOMULATIF'!CX14/100*'PROGRES BOBOT'!$J14 -> 0
A15: II | B15: PEKERJAAN STRUKTUR | K15: ='HARIAN KOMULATIF'!K15/100*'PROGRES BOBOT'!$J15 -> 0 | L15: ='HARIAN KOMULATIF'!L15/100*'PROGRES BOBOT'!$J15 -> 0 | M15: ='HARIAN KOMULATIF'!M15/100*'PROGRES BOBOT'!$J15 -> 0 | N15: ='HARIAN KOMULATIF'!N15/100*'PROGRES BOBOT'!$J15 -> 0 | O15: ='HARIAN KOMULATIF'!O15/100*'PROGRES BOBOT'!$J15 -> 0 | P15: ='HARIAN KOMULATIF'!P15/100*'PROGRES BOBOT'!$J15 -> 0 | Q15: ='HARIAN KOMULATIF'!Q15/100*'PROGRES BOBOT'!$J15 -> 0 | R15: ='HARIAN KOMULATIF'!R15/100*'PROGRES BOBOT'!$J15 -> 0 | ... CX15: ='HARIAN KOMULATIF'!CX15/100*'PROGRES BOBOT'!$J15 -> 0
B16: II.1 Pekerjaan Struktur Bawah | I16: =SUM(I17:I65) -> 1.6194539e+08 | K16: ='HARIAN KOMULATIF'!K16/100*'PROGRES BOBOT'!$J16 -> 0 | L16: ='HARIAN KOMULATIF'!L16/100*'PROGRES BOBOT'!$J16 -> 0 | M16: ='HARIAN KOMULATIF'!M16/100*'PROGRES BOBOT'!$J16 -> 0 | N16: ='HARIAN KOMULATIF'!N16/100*'PROGRES BOBOT'!$J16 -> 0 | O16: ='HARIAN KOMULATIF'!O16/100*'PROGRES BOBOT'!$J16 -> 0 | P16: ='HARIAN KOMULATIF'!P16/100*'PROGRES BOBOT'!$J16 -> 0 | Q16: ='HARIAN KOMULATIF'!Q16/100*'PROGRES BOBOT'!$J16 -> 0 | R16: ='HARIAN KOMULATIF'!R16/100*'PROGRES BOBOT'!$J16 -> 0 | ... CX16: ='HARIAN KOMULATIF'!CX16/100*'PROGRES BOBOT'!$J16 -> 0
A17: 1 | B17: Pekerjaan galian tanah pondasi footplat | F17: 70.78 | G17: m³ | H17: 70180 | I17: =H17*F17 -> 4967340.4 | J17: =I17/I$364*100 -> 0.49673289 | K17: ='HARIAN KOMULATIF'!K17/100*'PROGRES BOBOT'!$J17 -> 0 | L17: ='HARIAN KOMULATIF'!L17/100*'PROGRES BOBOT'!$J17 -> 0.49673289 | M17: ='HARIAN KOMULATIF'!M17/100*'PROGRES BOBOT'!$J17 -> 0.49673289 | N17: ='HARIAN KOMULATIF'!N17/100*'PROGRES BOBOT'!$J17 -> 0.49673289 | O17: ='HARIAN KOMULATIF'!O17/100*'PROGRES BOBOT'!$J17 -> 0.49673289 | P17: ='HARIAN KOMULATIF'!P17/100*'PROGRES BOBOT'!$J17 -> 0.49673289 | Q17: ='HARIAN KOMULATIF'!Q17/100*'PROGRES BOBOT'!$J17 -> 0.49673289 | R17: ='HARIAN KOMULATIF'!R17/100*'PROGRES BOBOT'!$J17 -> 0.49673289 | ... CX17: ='HARIAN KOMULATIF'!CX17/100*'PROGRES BOBOT'!$J17 -> 0.49673289
A18: 2 | B18: Pekerjaan urugan tanah kembali pondasi footplat | F18: 18.594 | G18: m³ | H18: 46750 | I18: =H18*F18 -> 869269.5 | J18: =I18/I$364*100 -> 0.08692675 | K18: ='HARIAN KOMULATIF'!K18/100*'PROGRES BOBOT'!$J18 -> 0 | L18: ='HARIAN KOMULATIF'!L18/100*'PROGRES BOBOT'!$J18 -> 0 | M18: ='HARIAN KOMULATIF'!M18/100*'PROGRES BOBOT'!$J18 -> 0.08692675 | N18: ='HARIAN KOMULATIF'!N18/100*'PROGRES BOBOT'!$J18 -> 0.08692675 | O18: ='HARIAN KOMULATIF'!O18/100*'PROGRES BOBOT'!$J18 -> 0.08692675 | P18: ='HARIAN KOMULATIF'!P18/100*'PROGRES BOBOT'!$J18 -> 0.08692675 | Q18: ='HARIAN KOMULATIF'!Q18/100*'PROGRES BOBOT'!$J18 -> 0.08692675 | R18: ='HARIAN KOMULATIF'!R18/100*'PROGRES BOBOT'!$J18 -> 0.08692675 | ... CX18: ='HARIAN KOMULATIF'!CX18/100*'PROGRES BOBOT'!$J18 -> 0.08692675
A19: 3 | B19: Pekerjaan lantai kerja bawah pondasi footplat | F19: 2.32425 | G19: m³ | H19: 735328 | I19: =H19*F19 -> 1709086.1 | J19: =I19/I$364*100 -> 0.17090822 | K19: ='HARIAN KOMULATIF'!K19/100*'PROGRES BOBOT'!$J19 -> 0 | L19: ='HARIAN KOMULATIF'!L19/100*'PROGRES BOBOT'!$J19 -> 0 | M19: ='HARIAN KOMULATIF'!M19/100*'PROGRES BOBOT'!$J19 -> 0 | N19: ='HARIAN KOMULATIF'!N19/100*'PROGRES BOBOT'!$J19 -> 0.17090822 | O19: ='HARIAN KOMULATIF'!O19/100*'PROGRES BOBOT'!$J19 -> 0.17090822 | P19: ='HARIAN KOMULATIF'!P19/100*'PROGRES BOBOT'!$J19 -> 0.17090822 | Q19: ='HARIAN KOMULATIF'!Q19/100*'PROGRES BOBOT'!$J19 -> 0.17090822 | R19: ='HARIAN KOMULATIF'!R19/100*'PROGRES BOBOT'!$J19 -> 0.17090822 | ... CX19: ='HARIAN KOMULATIF'!CX19/100*'PROGRES BOBOT'!$J19 -> 0.17090822
A20: 4 | B20: Pekerjaan galian tanah pondasi batu belah | F20: 19.8 | G20: m³ | H20: 70180 | I20: =H20*F20 -> 1389564 | J20: =I20/I$364*100 -> 0.13895608 | K20: ='HARIAN KOMULATIF'!K20/100*'PROGRES BOBOT'!$J20 -> 0 | L20: ='HARIAN KOMULATIF'!L20/100*'PROGRES BOBOT'!$J20 -> 0 | M20: ='HARIAN KOMULATIF'!M20/100*'PROGRES BOBOT'!$J20 -> 0 | N20: ='HARIAN KOMULATIF'!N20/100*'PROGRES BOBOT'!$J20 -> 0 | O20: ='HARIAN KOMULATIF'!O20/100*'PROGRES BOBOT'!$J20 -> 0.13895608 | P20: ='HARIAN KOMULATIF'!P20/100*'PROGRES BOBOT'!$J20 -> 0.13895608 | Q20: ='HARIAN KOMULATIF'!Q20/100*'PROGRES BOBOT'!$J20 -> 0.13895608 | R20: ='HARIAN KOMULATIF'!R20/100*'PROGRES BOBOT'!$J20 -> 0.13895608 | ... CX20: ='HARIAN KOMULATIF'!CX20/100*'PROGRES BOBOT'!$J20 -> 0.13895608
A21: 5 | B21: Pekerjaan lantai kerja bawah pondasi batu belah | F21: 4.65 | G21: m³ | H21: 735328 | I21: =H21*F21 -> 3419275.2 | J21: =I21/I$364*100 -> 0.34192673 | K21: ='HARIAN KOMULATIF'!K21/100*'PROGRES BOBOT'!$J21 -> 0 | L21: ='HARIAN KOMULATIF'!L21/100*'PROGRES BOBOT'!$J21 -> 0 | M21: ='HARIAN KOMULATIF'!M21/100*'PROGRES BOBOT'!$J21 -> 0 | N21: ='HARIAN KOMULATIF'!N21/100*'PROGRES BOBOT'!$J21 -> 0 | O21: ='HARIAN KOMULATIF'!O21/100*'PROGRES BOBOT'!$J21 -> 0.34192673 | P21: ='HARIAN KOMULATIF'!P21/100*'PROGRES BOBOT'!$J21 -> 0.34192673 | Q21: ='HARIAN KOMULATIF'!Q21/100*'PROGRES BOBOT'!$J21 -> 0.34192673 | R21: ='HARIAN KOMULATIF'!R21/100*'PROGRES BOBOT'!$J21 -> 0.34192673 | ... CX21: ='HARIAN KOMULATIF'!CX21/100*'PROGRES BOBOT'!$J21 -> 0.34192673
A22: 6 | B22: Pekerjaan pondasi batu belah | F22: 27.9 | G22: m³ | H22: 654079.58 | I22: =H22*F22 -> 18248820 | J22: =I22/I$364*100 -> 1.8248778 | K22: ='HARIAN KOMULATIF'!K22/100*'PROGRES BOBOT'!$J22 -> 0 | L22: ='HARIAN KOMULATIF'!L22/100*'PROGRES BOBOT'!$J22 -> 0 | M22: ='HARIAN KOMULATIF'!M22/100*'PROGRES BOBOT'!$J22 -> 0 | N22: ='HARIAN KOMULATIF'!N22/100*'PROGRES BOBOT'!$J22 -> 0 | O22: ='HARIAN KOMULATIF'!O22/100*'PROGRES BOBOT'!$J22 -> 0 | P22: ='HARIAN KOMULATIF'!P22/100*'PROGRES BOBOT'!$J22 -> 0.91243891 | Q22: ='HARIAN KOMULATIF'!Q22/100*'PROGRES BOBOT'!$J22 -> 1.8248778 | R22: ='HARIAN KOMULATIF'!R22/100*'PROGRES BOBOT'!$J22 -> 1.8248778 | ... CX22: ='HARIAN KOMULATIF'!CX22/100*'PROGRES BOBOT'!$J22 -> 1.8248778
A23: 7 | B23: Pekerjaan urugan tanah peninggian lantai termasuk pemadatan tanah | F23: 256 | G23: m³ | H23: 65802 | I23: =H23*F23 -> 16845312 | J23: =I23/I$364*100 -> 1.6845273 | K23: ='HARIAN KOMULATIF'!K23/100*'PROGRES BOBOT'!$J23 -> 0 | L23: ='HARIAN KOMULATIF'!L23/100*'PROGRES BOBOT'!$J23 -> 0 | M23: ='HARIAN KOMULATIF'!M23/100*'PROGRES BOBOT'!$J23 -> 0 | N23: ='HARIAN KOMULATIF'!N23/100*'PROGRES BOBOT'!$J23 -> 0 | O23: ='HARIAN KOMULATIF'!O23/100*'PROGRES BOBOT'!$J23 -> 0 | P23: ='HARIAN KOMULATIF'!P23/100*'PROGRES BOBOT'!$J23 -> 0 | Q23: ='HARIAN KOMULATIF'!Q23/100*'PROGRES BOBOT'!$J23 -> 0 | R23: ='HARIAN KOMULATIF'!R23/100*'PROGRES BOBOT'!$J23 -> 0.84226366 | ... CX23: ='HARIAN KOMULATIF'!CX23/100*'PROGRES BOBOT'!$J23 -> 1.6845273
A24: 8 | B24: Pekerjaan pondasi footplat tipe F1a | K24: ='HARIAN KOMULATIF'!K24/100*'PROGRES BOBOT'!$J24 -> 0 | L24: ='HARIAN KOMULATIF'!L24/100*'PROGRES BOBOT'!$J24 -> 0 | M24: ='HARIAN KOMULATIF'!M24/100*'PROGRES BOBOT'!$J24 -> 0 | N24: ='HARIAN KOMULATIF'!N24/100*'PROGRES BOBOT'!$J24 -> 0 | O24: ='HARIAN KOMULATIF'!O24/100*'PROGRES BOBOT'!$J24 -> 0 | P24: ='HARIAN KOMULATIF'!P24/100*'PROGRES BOBOT'!$J24 -> 0 | Q24: ='HARIAN KOMULATIF'!Q24/100*'PROGRES BOBOT'!$J24 -> 0 | R24: ='HARIAN KOMULATIF'!R24/100*'PROGRES BOBOT'!$J24 -> 0 | ... CX24: ='HARIAN KOMULATIF'!CX24/100*'PROGRES BOBOT'!$J24 -> 0
B25: - Pekerjaan beton K-225 | F25: 5.76 | G25: m³ | H25: 772596 | I25: =H25*F25 -> 4450153 | J25: =I25/I$364*100 -> 0.44501427 | K25: ='HARIAN KOMULATIF'!K25/100*'PROGRES BOBOT'!$J25 -> 0 | L25: ='HARIAN KOMULATIF'!L25/100*'PROGRES BOBOT'!$J25 -> 0 | M25: ='HARIAN KOMULATIF'!M25/100*'PROGRES BOBOT'!$J25 -> 0 | N25: ='HARIAN KOMULATIF'!N25/100*'PROGRES BOBOT'!$J25 -> 0 | O25: ='HARIAN KOMULATIF'!O25/100*'PROGRES BOBOT'!$J25 -> 0 | P25: ='HARIAN KOMULATIF'!P25/100*'PROGRES BOBOT'!$J25 -> 0 | Q25: ='HARIAN KOMULATIF'!Q25/100*'PROGRES BOBOT'!$J25 -> 0 | R25: ='HARIAN KOMULATIF'!R25/100*'PROGRES BOBOT'!$J25 -> 0 | ... CX25: ='HARIAN KOMULATIF'!CX25/100*'PROGRES BOBOT'!$J25 -> 0
B26: - Pekerjaan bekisting pondasi | F26: 7 | G26: m² | H26: 87929.63 | I26: =H26*F26 -> 615507.41 | J26: =I26/I$364*100 -> 0.061550599 | K26: ='HARIAN KOMULATIF'!K26/100*'PROGRES BOBOT'!$J26 -> 0 | L26: ='HARIAN KOMULATIF'!L26/100*'PROGRES BOBOT'!$J26 -> 0 | M26: ='HARIAN KOMULATIF'!M26/100*'PROGRES BOBOT'!$J26 -> 0 | N26: ='HARIAN KOMULATIF'!N26/100*'PROGRES BOBOT'!$J26 -> 0 | O26: ='HARIAN KOMULATIF'!O26/100*'PROGRES BOBOT'!$J26 -> 0 | P26: ='HARIAN KOMULATIF'!P26/100*'PROGRES BOBOT'!$J26 -> 0 | Q26: ='HARIAN KOMULATIF'!Q26/100*'PROGRES BOBOT'!$J26 -> 0 | R26: ='HARIAN KOMULATIF'!R26/100*'PROGRES BOBOT'!$J26 -> 0 | ... CX26: ='HARIAN KOMULATIF'!CX26/100*'PROGRES BOBOT'!$J26 -> 0
B27: - Pekerjaan pembesian ulir | F27: 180.52116 | G27: kg | H27: 12818.52 | I27: =H27*F27 -> 2314014.1 | J27: =I27/I$364*100 -> 0.23140088 | K27: ='HARIAN KOMULATIF'!K27/100*'PROGRES BOBOT'!$J27 -> 0 | L27: ='HARIAN KOMULATIF'!L27/100*'PROGRES BOBOT'!$J27 -> 0 | M27: ='HARIAN KOMULATIF'!M27/100*'PROGRES BOBOT'!$J27 -> 0 | N27: ='HARIAN KOMULATIF'!N27/100*'PROGRES BOBOT'!$J27 -> 0 | O27: ='HARIAN KOMULATIF'!O27/100*'PROGRES BOBOT'!$J27 -> 0 | P27: ='HARIAN KOMULATIF'!P27/100*'PROGRES BOBOT'!$J27 -> 0 | Q27: ='HARIAN KOMULATIF'!Q27/100*'PROGRES BOBOT'!$J27 -> 0 | R27: ='HARIAN KOMULATIF'!R27/100*'PROGRES BOBOT'!$J27 -> 0 | ... CX27: ='HARIAN KOMULATIF'!CX27/100*'PROGRES BOBOT'!$J27 -> 0
B28: - Pekerjaan pembesian polos | F28: 90.016497 | G28: kg | H28: 11876.74 | I28: =H28*F28 -> 1069102.5 | J28: =I28/I$364*100 -> 0.10691001 | K28: ='HARIAN KOMULATIF'!K28/100*'PROGRES BOBOT'!$J28 -> 0 | L28: ='HARIAN KOMULATIF'!L28/100*'PROGRES BOBOT'!$J28 -> 0 | M28: ='HARIAN KOMULATIF'!M28/100*'PROGRES BOBOT'!$J28 -> 0 | N28: ='HARIAN KOMULATIF'!N28/100*'PROGRES BOBOT'!$J28 -> 0 | O28: ='HARIAN KOMULATIF'!O28/100*'PROGRES BOBOT'!$J28 -> 0 | P28: ='HARIAN KOMULATIF'!P28/100*'PROGRES BOBOT'!$J28 -> 0 | Q28: ='HARIAN KOMULATIF'!Q28/100*'PROGRES BOBOT'!$J28 -> 0 | R28: ='HARIAN KOMULATIF'!R28/100*'PROGRES BOBOT'!$J28 -> 0 | ... CX28: ='HARIAN KOMULATIF'!CX28/100*'PROGRES BOBOT'!$J28 -> 0
A29: 9 | B29: Pekerjaan pondasi footplat tipe F1b | K29: ='HARIAN KOMULATIF'!K29/100*'PROGRES BOBOT'!$J29 -> 0 | L29: ='HARIAN KOMULATIF'!L29/100*'PROGRES BOBOT'!$J29 -> 0 | M29: ='HARIAN KOMULATIF'!M29/100*'PROGRES BOBOT'!$J29 -> 0 | N29: ='HARIAN KOMULATIF'!N29/100*'PROGRES BOBOT'!$J29 -> 0 | O29: ='HARIAN KOMULATIF'!O29/100*'PROGRES BOBOT'!$J29 -> 0 | P29: ='HARIAN KOMULATIF'!P29/100*'PROGRES BOBOT'!$J29 -> 0 | Q29: ='HARIAN KOMULATIF'!Q29/100*'PROGRES BOBOT'!$J29 -> 0 | R29: ='HARIAN KOMULATIF'!R29/100*'PROGRES BOBOT'!$J29 -> 0 | ... CX29: ='HARIAN KOMULATIF'!CX29/100*'PROGRES BOBOT'!$J29 -> 0
B30: - Pekerjaan beton K-225 | F30: 4.55 | G30: m³ | H30: =H25 -> 772596 | I30: =H30*F30 -> 3515311.8 | J30: =I30/I$364*100 -> 0.35153037 | K30: ='HARIAN KOMULATIF'!K30/100*'PROGRES BOBOT'!$J30 -> 0 | L30: ='HARIAN KOMULATIF'!L30/100*'PROGRES BOBOT'!$J30 -> 0 | M30: ='HARIAN KOMULATIF'!M30/100*'PROGRES BOBOT'!$J30 -> 0 | N30: ='HARIAN KOMULATIF'!N30/100*'PROGRES BOBOT'!$J30 -> 0 | O30: ='HARIAN KOMULATIF'!O30/100*'PROGRES BOBOT'!$J30 -> 0 | P30: ='HARIAN KOMULATIF'!P30/100*'PROGRES BOBOT'!$J30 -> 0 | Q30: ='HARIAN KOMULATIF'!Q30/100*'PROGRES BOBOT'!$J30 -> 0 | R30: ='HARIAN KOMULATIF'!R30/100*'PROGRES BOBOT'!$J30 -> 0 | ... CX30: ='HARIAN KOMULATIF'!CX30/100*'PROGRES BOBOT'!$J30 -> 0
B31: - Pekerjaan bekisting pondasi | F31: 9 | G31: m² | H31: =H26 -> 87929.63 | I31: =H31*F31 -> 791366.67 | J31: =I31/I$364*100 -> 0.079136485 | K31: ='HARIAN KOMULATIF'!K31/100*'PROGRES BOBOT'!$J31 -> 0 | L31: ='HARIAN KOMULATIF'!L31/100*'PROGRES BOBOT'!$J31 -> 0 | M31: ='HARIAN KOMULATIF'!M31/100*'PROGRES BOBOT'!$J31 -> 0 | N31: ='HARIAN KOMULATIF'!N31/100*'PROGRES BOBOT'!$J31 -> 0 | O31: ='HARIAN KOMULATIF'!O31/100*'PROGRES BOBOT'!$J31 -> 0 | P31: ='HARIAN KOMULATIF'!P31/100*'PROGRES BOBOT'!$J31 -> 0 | Q31: ='HARIAN KOMULATIF'!Q31/100*'PROGRES BOBOT'!$J31 -> 0 | R31: ='HARIAN KOMULATIF'!R31/100*'PROGRES BOBOT'!$J31 -> 0 | ... CX31: ='HARIAN KOMULATIF'!CX31/100*'PROGRES BOBOT'!$J31 -> 0
B32: - Pekerjaan pembesian ulir | F32: 232.09864 | G32: kg | H32: =H27 -> 12818.52 | I32: =H32*F32 -> 2975161 | J32: =I32/I$364*100 -> 0.29751542 | K32: ='HARIAN KOMULATIF'!K32/100*'PROGRES BOBOT'!$J32 -> 0 | L32: ='HARIAN KOMULATIF'!L32/100*'PROGRES BOBOT'!$J32 -> 0 | M32: ='HARIAN KOMULATIF'!M32/100*'PROGRES BOBOT'!$J32 -> 0 | N32: ='HARIAN KOMULATIF'!N32/100*'PROGRES BOBOT'!$J32 -> 0 | O32: ='HARIAN KOMULATIF'!O32/100*'PROGRES BOBOT'!$J32 -> 0 | P32: ='HARIAN KOMULATIF'!P32/100*'PROGRES BOBOT'!$J32 -> 0 | Q32: ='HARIAN KOMULATIF'!Q32/100*'PROGRES BOBOT'!$J32 -> 0 | R32: ='HARIAN KOMULATIF'!R32/100*'PROGRES BOBOT'!$J32 -> 0 | ... CX32: ='HARIAN KOMULATIF'!CX32/100*'PROGRES BOBOT'!$J32 -> 0
B33: - Pekerjaan pembesian polos | F33: 121.03838 | G33: kg | H33: =H28 -> 11876.74 | I33: =H33*F33 -> 1437541.4 | J33: =I33/I$364*100 -> 0.14375381 | K33: ='HARIAN KOMULATIF'!K33/100*'PROGRES BOBOT'!$J33 -> 0 | L33: ='HARIAN KOMULATIF'!L33/100*'PROGRES BOBOT'!$J33 -> 0 | M33: ='HARIAN KOMULATIF'!M33/100*'PROGRES BOBOT'!$J33 -> 0 | N33: ='HARIAN KOMULATIF'!N33/100*'PROGRES BOBOT'!$J33 -> 0 | O33: ='HARIAN KOMULATIF'!O33/100*'PROGRES BOBOT'!$J33 -> 0 | P33: ='HARIAN KOMULATIF'!P33/100*'PROGRES BOBOT'!$J33 -> 0 | Q33: ='HARIAN KOMULATIF'!Q33/100*'PROGRES BOBOT'!$J33 -> 0 | R33: ='HARIAN KOMULATIF'!R33/100*'PROGRES BOBOT'!$J33 -> 0 | ... CX33: ='HARIAN KOMULATIF'!CX33/100*'PROGRES BOBOT'!$J33 -> 0
A34: 10 | B34: Pekerjaan pondasi footplat tipe F1c | K34: ='HARIAN KOMULATIF'!K34/100*'PROGRES BOBOT'!$J34 -> 0 | L34: ='HARIAN KOMULATIF'!L34/100*'PROGRES BOBOT'!$J34 -> 0 | M34: ='HARIAN KOMULATIF'!M34/100*'PROGRES BOBOT'!$J34 -> 0 | N34: ='HARIAN KOMULATIF'!N34/100*'PROGRES BOBOT'!$J34 -> 0 | O34: ='HARIAN KOMULATIF'!O34/100*'PROGRES BOBOT'!$J34 -> 0 | P34: ='HARIAN KOMULATIF'!P34/100*'PROGRES BOBOT'!$J34 -> 0 | Q34: ='HARIAN KOMULATIF'!Q34/100*'PROGRES BOBOT'!$J34 -> 0 | R34: ='HARIAN KOMULATIF'!R34/100*'PROGRES BOBOT'!$J34 -> 0 | ... CX34: ='HARIAN KOMULATIF'!CX34/100*'PROGRES BOBOT'!$J34 -> 0
B35: - Pekerjaan beton K-225 | F35: 0.78875 | G35: m³ | H35: =H30 -> 772596 | I35: =H35*F35 -> 609385.1 | J35: =I35/I$364*100 -> 0.060938369 | K35: ='HARIAN KOMULATIF'!K35/100*'PROGRES BOBOT'!$J35 -> 0 | L35: ='HARIAN KOMULATIF'!L35/100*'PROGRES BOBOT'!$J35 -> 0 | M35: ='HARIAN KOMULATIF'!M35/100*'PROGRES BOBOT'!$J35 -> 0 | N35: ='HARIAN KOMULATIF'!N35/100*'PROGRES BOBOT'!$J35 -> 0 | O35: ='HARIAN KOMULATIF'!O35/100*'PROGRES BOBOT'!$J35 -> 0 | P35: ='HARIAN KOMULATIF'!P35/100*'PROGRES BOBOT'!$J35 -> 0 | Q35: ='HARIAN KOMULATIF'!Q35/100*'PROGRES BOBOT'!$J35 -> 0 | R35: ='HARIAN KOMULATIF'!R35/100*'PROGRES BOBOT'!$J35 -> 0 | ... CX35: ='HARIAN KOMULATIF'!CX35/100*'PROGRES BOBOT'!$J35 -> 0
B36: - Pekerjaan bekisting pondasi | F36: 2 | G36: m² | H36: =H31 -> 87929.63 | I36: =H36*F36 -> 175859.26 | J36: =I36/I$364*100 -> 0.017585885 | K36: ='HARIAN KOMULATIF'!K36/100*'PROGRES BOBOT'!$J36 -> 0 | L36: ='HARIAN KOMULATIF'!L36/100*'PROGRES BOBOT'!$J36 -> 0 | M36: ='HARIAN KOMULATIF'!M36/100*'PROGRES BOBOT'!$J36 -> 0 | N36: ='HARIAN KOMULATIF'!N36/100*'PROGRES BOBOT'!$J36 -> 0 | O36: ='HARIAN KOMULATIF'!O36/100*'PROGRES BOBOT'!$J36 -> 0 | P36: ='HARIAN KOMULATIF'!P36/100*'PROGRES BOBOT'!$J36 -> 0 | Q36: ='HARIAN KOMULATIF'!Q36/100*'PROGRES BOBOT'!$J36 -> 0 | R36: ='HARIAN KOMULATIF'!R36/100*'PROGRES BOBOT'!$J36 -> 0 | ... CX36: ='HARIAN KOMULATIF'!CX36/100*'PROGRES BOBOT'!$J36 -> 0
B37: - Pekerjaan pembesian ulir | F37: 51.577475 | G37: kg | H37: =H32 -> 12818.52 | I37: =H37*F37 -> 661146.9 | J37: =I37/I$364*100 -> 0.066114537 | K37: ='HARIAN KOMULATIF'!K37/100*'PROGRES BOBOT'!$J37 -> 0 | L37: ='HARIAN KOMULATIF'!L37/100*'PROGRES BOBOT'!$J37 -> 0 | M37: ='HARIAN KOMULATIF'!M37/100*'PROGRES BOBOT'!$J37 -> 0 | N37: ='HARIAN KOMULATIF'!N37/100*'PROGRES BOBOT'!$J37 -> 0 | O37: ='HARIAN KOMULATIF'!O37/100*'PROGRES BOBOT'!$J37 -> 0 | P37: ='HARIAN KOMULATIF'!P37/100*'PROGRES BOBOT'!$J37 -> 0 | Q37: ='HARIAN KOMULATIF'!Q37/100*'PROGRES BOBOT'!$J37 -> 0 | R37: ='HARIAN KOMULATIF'!R37/100*'PROGRES BOBOT'!$J37 -> 0 | ... CX37: ='HARIAN KOMULATIF'!CX37/100*'PROGRES BOBOT'!$J37 -> 0
B38: - Pekerjaan pembesian polos | F38: 26.897418 | G38: kg | H38: =H33 -> 11876.74 | I38: =H38*F38 -> 319453.64 | J38: =I38/I$364*100 -> 0.031945291 | K38: ='HARIAN KOMULATIF'!K38/100*'PROGRES BOBOT'!$J38 -> 0 | L38: ='HARIAN KOMULATIF'!L38/100*'PROGRES BOBOT'!$J38 -> 0 | M38: ='HARIAN KOMULATIF'!M38/100*'PROGRES BOBOT'!$J38 -> 0 | N38: ='HARIAN KOMULATIF'!N38/100*'PROGRES BOBOT'!$J38 -> 0 | O38: ='HARIAN KOMULATIF'!O38/100*'PROGRES BOBOT'!$J38 -> 0 | P38: ='HARIAN KOMULATIF'!P38/100*'PROGRES BOBOT'!$J38 -> 0 | Q38: ='HARIAN KOMULATIF'!Q38/100*'PROGRES BOBOT'!$J38 -> 0 | R38: ='HARIAN KOMULATIF'!R38/100*'PROGRES BOBOT'!$J38 -> 0 | ... CX38: ='HARIAN KOMULATIF'!CX38/100*'PROGRES BOBOT'!$J38 -> 0
A39: 11 | B39: Pekerjaan pondasi footplat tipe F2 | K39: ='HARIAN KOMULATIF'!K39/100*'PROGRES BOBOT'!$J39 -> 0 | L39: ='HARIAN KOMULATIF'!L39/100*'PROGRES BOBOT'!$J39 -> 0 | M39: ='HARIAN KOMULATIF'!M39/100*'PROGRES BOBOT'!$J39 -> 0 | N39: ='HARIAN KOMULATIF'!N39/100*'PROGRES BOBOT'!$J39 -> 0 | O39: ='HARIAN KOMULATIF'!O39/100*'PROGRES BOBOT'!$J39 -> 0 | P39: ='HARIAN KOMULATIF'!P39/100*'PROGRES BOBOT'!$J39 -> 0 | Q39: ='HARIAN KOMULATIF'!Q39/100*'PROGRES BOBOT'!$J39 -> 0 | R39: ='HARIAN KOMULATIF'!R39/100*'PROGRES BOBOT'!$J39 -> 0 | ... CX39: ='HARIAN KOMULATIF'!CX39/100*'PROGRES BOBOT'!$J39 -> 0
B40: - Pekerjaan beton K-225 | F40: 1.512 | G40: m³ | H40: =H35 -> 772596 | I40: =H40*F40 -> 1168165.2 | J40: =I40/I$364*100 -> 0.11681625 | K40: ='HARIAN KOMULATIF'!K40/100*'PROGRES BOBOT'!$J40 -> 0 | L40: ='HARIAN KOMULATIF'!L40/100*'PROGRES BOBOT'!$J40 -> 0 | M40: ='HARIAN KOMULATIF'!M40/100*'PROGRES BOBOT'!$J40 -> 0 | N40: ='HARIAN KOMULATIF'!N40/100*'PROGRES BOBOT'!$J40 -> 0 | O40: ='HARIAN KOMULATIF'!O40/100*'PROGRES BOBOT'!$J40 -> 0 | P40: ='HARIAN KOMULATIF'!P40/100*'PROGRES BOBOT'!$J40 -> 0 | Q40: ='HARIAN KOMULATIF'!Q40/100*'PROGRES BOBOT'!$J40 -> 0 | R40: ='HARIAN KOMULATIF'!R40/100*'PROGRES BOBOT'!$J40 -> 0 | ... CX40: ='HARIAN KOMULATIF'!CX40/100*'PROGRES BOBOT'!$J40 -> 0
B41: - Pekerjaan bekisting pondasi | F41: 4.8 | G41: m² | H41: =H36 -> 87929.63 | I41: =H41*F41 -> 422062.22 | J41: =I41/I$364*100 -> 0.042206125 | K41: ='HARIAN KOMULATIF'!K41/100*'PROGRES BOBOT'!$J41 -> 0 | L41: ='HARIAN KOMULATIF'!L41/100*'PROGRES BOBOT'!$J41 -> 0 | M41: ='HARIAN KOMULATIF'!M41/100*'PROGRES BOBOT'!$J41 -> 0 | N41: ='HARIAN KOMULATIF'!N41/100*'PROGRES BOBOT'!$J41 -> 0 | O41: ='HARIAN KOMULATIF'!O41/100*'PROGRES BOBOT'!$J41 -> 0 | P41: ='HARIAN KOMULATIF'!P41/100*'PROGRES BOBOT'!$J41 -> 0 | Q41: ='HARIAN KOMULATIF'!Q41/100*'PROGRES BOBOT'!$J41 -> 0 | R41: ='HARIAN KOMULATIF'!R41/100*'PROGRES BOBOT'!$J41 -> 0 | ... CX41: ='HARIAN KOMULATIF'!CX41/100*'PROGRES BOBOT'!$J41 -> 0
B42: - Pekerjaan pembesian ulir | F42: 103.13828 | G42: kg | H42: =H37 -> 12818.52 | I42: =H42*F42 -> 1322080.1 | J42: =I42/I$364*100 -> 0.13220771 | K42: ='HARIAN KOMULATIF'!K42/100*'PROGRES BOBOT'!$J42 -> 0 | L42: ='HARIAN KOMULATIF'!L42/100*'PROGRES BOBOT'!$J42 -> 0 | M42: ='HARIAN KOMULATIF'!M42/100*'PROGRES BOBOT'!$J42 -> 0 | N42: ='HARIAN KOMULATIF'!N42/100*'PROGRES BOBOT'!$J42 -> 0 | O42: ='HARIAN KOMULATIF'!O42/100*'PROGRES BOBOT'!$J42 -> 0 | P42: ='HARIAN KOMULATIF'!P42/100*'PROGRES BOBOT'!$J42 -> 0 | Q42: ='HARIAN KOMULATIF'!Q42/100*'PROGRES BOBOT'!$J42 -> 0 | R42: ='HARIAN KOMULATIF'!R42/100*'PROGRES BOBOT'!$J42 -> 0 | ... CX42: ='HARIAN KOMULATIF'!CX42/100*'PROGRES BOBOT'!$J42 -> 0
B43: - Pekerjaan pembesian polos | F43: 51.835715 | G43: kg | H43: =H38 -> 11876.74 | I43: =H43*F43 -> 615639.3 | J43: =I43/I$364*100 -> 0.061563789 | K43: ='HARIAN KOMULATIF'!K43/100*'PROGRES BOBOT'!$J43 -> 0 | L43: ='HARIAN KOMULATIF'!L43/100*'PROGRES BOBOT'!$J43 -> 0 | M43: ='HARIAN KOMULATIF'!M43/100*'PROGRES BOBOT'!$J43 -> 0 | N43: ='HARIAN KOMULATIF'!N43/100*'PROGRES BOBOT'!$J43 -> 0 | O43: ='HARIAN KOMULATIF'!O43/100*'PROGRES BOBOT'!$J43 -> 0 | P43: ='HARIAN KOMULATIF'!P43/100*'PROGRES BOBOT'!$J43 -> 0 | Q43: ='HARIAN KOMULATIF'!Q43/100*'PROGRES BOBOT'!$J43 -> 0 | R43: ='HARIAN KOMULATIF'!R43/100*'PROGRES BOBOT'!$J43 -> 0 | ... CX43: ='HARIAN KOMULATIF'!CX43/100*'PROGRES BOBOT'!$J43 -> 0
A44: 12 | B44: Pekerjaan kolom pedestal tipe K1a ukuran 25 x 30 cm | K44: ='HARIAN KOMULATIF'!K44/100*'PROGRES BOBOT'!$J44 -> 0 | L44: ='HARIAN KOMULATIF'!L44/100*'PROGRES BOBOT'!$J44 -> 0 | M44: ='HARIAN KOMULATIF'!M44/100*'PROGRES BOBOT'!$J44 -> 0 | N44: ='HARIAN KOMULATIF'!N44/100*'PROGRES BOBOT'!$J44 -> 0 | O44: ='HARIAN KOMULATIF'!O44/100*'PROGRES BOBOT'!$J44 -> 0 | P44: ='HARIAN KOMULATIF'!P44/100*'PROGRES BOBOT'!$J44 -> 0 | Q44: ='HARIAN KOMULATIF'!Q44/100*'PROGRES BOBOT'!$J44 -> 0 | R44: ='HARIAN KOMULATIF'!R44/100*'PROGRES BOBOT'!$J44 -> 0 | ... CX44: ='HARIAN KOMULATIF'!CX44/100*'PROGRES BOBOT'!$J44 -> 0
B45: - Pekerjaan beton K-225 | F45: 0.42 | G45: m³ | H45: =H40 -> 772596 | I45: =H45*F45 -> 324490.32 | J45: =I45/I$364*100 -> 0.032448957 | K45: ='HARIAN KOMULATIF'!K45/100*'PROGRES BOBOT'!$J45 -> 0 | L45: ='HARIAN KOMULATIF'!L45/100*'PROGRES BOBOT'!$J45 -> 0 | M45: ='HARIAN KOMULATIF'!M45/100*'PROGRES BOBOT'!$J45 -> 0 | N45: ='HARIAN KOMULATIF'!N45/100*'PROGRES BOBOT'!$J45 -> 0 | O45: ='HARIAN KOMULATIF'!O45/100*'PROGRES BOBOT'!$J45 -> 0 | P45: ='HARIAN KOMULATIF'!P45/100*'PROGRES BOBOT'!$J45 -> 0 | Q45: ='HARIAN KOMULATIF'!Q45/100*'PROGRES BOBOT'!$J45 -> 0 | R45: ='HARIAN KOMULATIF'!R45/100*'PROGRES BOBOT'!$J45 -> 0 | ... CX45: ='HARIAN KOMULATIF'!CX45/100*'PROGRES BOBOT'!$J45 -> 0
B46: - Pekerjaan bekisting kolom | F46: 6.16 | G46: m² | H46: 87929.63 | I46: =H46*F46 -> 541646.52 | J46: =I46/I$364*100 -> 0.054164527 | K46: ='HARIAN KOMULATIF'!K46/100*'PROGRES BOBOT'!$J46 -> 0 | L46: ='HARIAN KOMULATIF'!L46/100*'PROGRES BOBOT'!$J46 -> 0 | M46: ='HARIAN KOMULATIF'!M46/100*'PROGRES BOBOT'!$J46 -> 0 | N46: ='HARIAN KOMULATIF'!N46/100*'PROGRES BOBOT'!$J46 -> 0 | O46: ='HARIAN KOMULATIF'!O46/100*'PROGRES BOBOT'!$J46 -> 0 | P46: ='HARIAN KOMULATIF'!P46/100*'PROGRES BOBOT'!$J46 -> 0 | Q46: ='HARIAN KOMULATIF'!Q46/100*'PROGRES BOBOT'!$J46 -> 0 | R46: ='HARIAN KOMULATIF'!R46/100*'PROGRES BOBOT'!$J46 -> 0 | ... CX46: ='HARIAN KOMULATIF'!CX46/100*'PROGRES BOBOT'!$J46 -> 0
B47: - Pekerjaan pembesian ulir | F47: 84.017606 | G47: kg | H47: =H42 -> 12818.52 | I47: =H47*F47 -> 1076981.4 | J47: =I47/I$364*100 -> 0.10769789 | K47: ='HARIAN KOMULATIF'!K47/100*'PROGRES BOBOT'!$J47 -> 0 | L47: ='HARIAN KOMULATIF'!L47/100*'PROGRES BOBOT'!$J47 -> 0 | M47: ='HARIAN KOMULATIF'!M47/100*'PROGRES BOBOT'!$J47 -> 0 | N47: ='HARIAN KOMULATIF'!N47/100*'PROGRES BOBOT'!$J47 -> 0 | O47: ='HARIAN KOMULATIF'!O47/100*'PROGRES BOBOT'!$J47 -> 0 | P47: ='HARIAN KOMULATIF'!P47/100*'PROGRES BOBOT'!$J47 -> 0 | Q47: ='HARIAN KOMULATIF'!Q47/100*'PROGRES BOBOT'!$J47 -> 0 | R47: ='HARIAN KOMULATIF'!R47/100*'PROGRES BOBOT'!$J47 -> 0 | ... CX47: ='HARIAN KOMULATIF'!CX47/100*'PROGRES BOBOT'!$J47 -> 0
B48: - Pekerjaan pembesian polos | F48: 33.010468 | G48: kg | H48: =H43 -> 11876.74 | I48: =H48*F48 -> 392056.74 | J48: =I48/I$364*100 -> 0.039205584 | K48: ='HARIAN KOMULATIF'!K48/100*'PROGRES BOBOT'!$J48 -> 0 | L48: ='HARIAN KOMULATIF'!L48/100*'PROGRES BOBOT'!$J48 -> 0 | M48: ='HARIAN KOMULATIF'!M48/100*'PROGRES BOBOT'!$J48 -> 0 | N48: ='HARIAN KOMULATIF'!N48/100*'PROGRES BOBOT'!$J48 -> 0 | O48: ='HARIAN KOMULATIF'!O48/100*'PROGRES BOBOT'!$J48 -> 0 | P48: ='HARIAN KOMULATIF'!P48/100*'PROGRES BOBOT'!$J48 -> 0 | Q48: ='HARIAN KOMULATIF'!Q48/100*'PROGRES BOBOT'!$J48 -> 0 | R48: ='HARIAN KOMULATIF'!R48/100*'PROGRES BOBOT'!$J48 -> 0 | ... CX48: ='HARIAN KOMULATIF'!CX48/100*'PROGRES BOBOT'!$J48 -> 0
A49: 13 | B49: Pekerjaan kolom pedestal tipe K1b ukuran 25 x 30 cm | K49: ='HARIAN KOMULATIF'!K49/100*'PROGRES BOBOT'!$J49 -> 0 | L49: ='HARIAN KOMULATIF'!L49/100*'PROGRES BOBOT'!$J49 -> 0 | M49: ='HARIAN KOMULATIF'!M49/100*'PROGRES BOBOT'!$J49 -> 0 | N49: ='HARIAN KOMULATIF'!N49/100*'PROGRES BOBOT'!$J49 -> 0 | O49: ='HARIAN KOMULATIF'!O49/100*'PROGRES BOBOT'!$J49 -> 0 | P49: ='HARIAN KOMULATIF'!P49/100*'PROGRES BOBOT'!$J49 -> 0 | Q49: ='HARIAN KOMULATIF'!Q49/100*'PROGRES BOBOT'!$J49 -> 0 | R49: ='HARIAN KOMULATIF'!R49/100*'PROGRES BOBOT'!$J49 -> 0 | ... CX49: ='HARIAN KOMULATIF'!CX49/100*'PROGRES BOBOT'!$J49 -> 0
B50: - Pekerjaan beton K-225 | F50: 2.77 | G50: m³ | H50: =H45 -> 772596 | I50: =H50*F50 -> 2140090.9 | J50: =I50/I$364*100 -> 0.2140086 | K50: ='HARIAN KOMULATIF'!K50/100*'PROGRES BOBOT'!$J50 -> 0 | L50: ='HARIAN KOMULATIF'!L50/100*'PROGRES BOBOT'!$J50 -> 0 | M50: ='HARIAN KOMULATIF'!M50/100*'PROGRES BOBOT'!$J50 -> 0 | N50: ='HARIAN KOMULATIF'!N50/100*'PROGRES BOBOT'!$J50 -> 0 | O50: ='HARIAN KOMULATIF'!O50/100*'PROGRES BOBOT'!$J50 -> 0 | P50: ='HARIAN KOMULATIF'!P50/100*'PROGRES BOBOT'!$J50 -> 0 | Q50: ='HARIAN KOMULATIF'!Q50/100*'PROGRES BOBOT'!$J50 -> 0 | R50: ='HARIAN KOMULATIF'!R50/100*'PROGRES BOBOT'!$J50 -> 0 | ... CX50: ='HARIAN KOMULATIF'!CX50/100*'PROGRES BOBOT'!$J50 -> 0
B51: - Pekerjaan bekisting kolom | F51: 21.56 | G51: m² | H51: =H46 -> 87929.63 | I51: =H51*F51 -> 1895762.8 | J51: =I51/I$364*100 -> 0.18957585 | K51: ='HARIAN KOMULATIF'!K51/100*'PROGRES BOBOT'!$J51 -> 0 | L51: ='HARIAN KOMULATIF'!L51/100*'PROGRES BOBOT'!$J51 -> 0 | M51: ='HARIAN KOMULATIF'!M51/100*'PROGRES BOBOT'!$J51 -> 0 | N51: ='HARIAN KOMULATIF'!N51/100*'PROGRES BOBOT'!$J51 -> 0 | O51: ='HARIAN KOMULATIF'!O51/100*'PROGRES BOBOT'!$J51 -> 0 | P51: ='HARIAN KOMULATIF'!P51/100*'PROGRES BOBOT'!$J51 -> 0 | Q51: ='HARIAN KOMULATIF'!Q51/100*'PROGRES BOBOT'!$J51 -> 0 | R51: ='HARIAN KOMULATIF'!R51/100*'PROGRES BOBOT'!$J51 -> 0 | ... CX51: ='HARIAN KOMULATIF'!CX51/100*'PROGRES BOBOT'!$J51 -> 0
B52: - Pekerjaan pembesian ulir | F52: 294.06162 | G52: kg | H52: =H47 -> 12818.52 | I52: =H52*F52 -> 3769434.8 | J52: =I52/I$364*100 -> 0.37694261 | K52: ='HARIAN KOMULATIF'!K52/100*'PROGRES BOBOT'!$J52 -> 0 | L52: ='HARIAN KOMULATIF'!L52/100*'PROGRES BOBOT'!$J52 -> 0 | M52: ='HARIAN KOMULATIF'!M52/100*'PROGRES BOBOT'!$J52 -> 0 | N52: ='HARIAN KOMULATIF'!N52/100*'PROGRES BOBOT'!$J52 -> 0 | O52: ='HARIAN KOMULATIF'!O52/100*'PROGRES BOBOT'!$J52 -> 0 | P52: ='HARIAN KOMULATIF'!P52/100*'PROGRES BOBOT'!$J52 -> 0 | Q52: ='HARIAN KOMULATIF'!Q52/100*'PROGRES BOBOT'!$J52 -> 0 | R52: ='HARIAN KOMULATIF'!R52/100*'PROGRES BOBOT'!$J52 -> 0 | ... CX52: ='HARIAN KOMULATIF'!CX52/100*'PROGRES BOBOT'!$J52 -> 0
B53: - Pekerjaan pembesian polos | F53: 230.01 | G53: kg | H53: =H48 -> 11876.74 | I53: =H53*F53 -> 2731769 | J53: =I53/I$364*100 -> 0.27317627 | K53: ='HARIAN KOMULATIF'!K53/100*'PROGRES BOBOT'!$J53 -> 0 | L53: ='HARIAN KOMULATIF'!L53/100*'PROGRES BOBOT'!$J53 -> 0 | M53: ='HARIAN KOMULATIF'!M53/100*'PROGRES BOBOT'!$J53 -> 0 | N53: ='HARIAN KOMULATIF'!N53/100*'PROGRES BOBOT'!$J53 -> 0 | O53: ='HARIAN KOMULATIF'!O53/100*'PROGRES BOBOT'!$J53 -> 0 | P53: ='HARIAN KOMULATIF'!P53/100*'PROGRES BOBOT'!$J53 -> 0 | Q53: ='HARIAN KOMULATIF'!Q53/100*'PROGRES BOBOT'!$J53 -> 0 | R53: ='HARIAN KOMULATIF'!R53/100*'PROGRES BOBOT'!$J53 -> 0 | ... CX53: ='HARIAN KOMULATIF'!CX53/100*'PROGRES BOBOT'!$J53 -> 0
A54: 14 | B54: Pekerjaan kolom pedestal K2 ukuran 20 x 20 cm | K54: ='HARIAN KOMULATIF'!K54/100*'PROGRES BOBOT'!$J54 -> 0 | L54: ='HARIAN KOMULATIF'!L54/100*'PROGRES BOBOT'!$J54 -> 0 | M54: ='HARIAN KOMULATIF'!M54/100*'PROGRES BOBOT'!$J54 -> 0 | N54: ='HARIAN KOMULATIF'!N54/100*'PROGRES BOBOT'!$J54 -> 0 | O54: ='HARIAN KOMULATIF'!O54/100*'PROGRES BOBOT'!$J54 -> 0 | P54: ='HARIAN KOMULATIF'!P54/100*'PROGRES BOBOT'!$J54 -> 0 | Q54: ='HARIAN KOMULATIF'!Q54/100*'PROGRES BOBOT'!$J54 -> 0 | R54: ='HARIAN KOMULATIF'!R54/100*'PROGRES BOBOT'!$J54 -> 0 | ... CX54: ='HARIAN KOMULATIF'!CX54/100*'PROGRES BOBOT'!$J54 -> 0
B55: - Pekerjaan beton K-225 | F55: 0.336 | G55: m³ | H55: =H50 -> 772596 | I55: =H55*F55 -> 259592.26 | J55: =I55/I$364*100 -> 0.025959166 | K55: ='HARIAN KOMULATIF'!K55/100*'PROGRES BOBOT'!$J55 -> 0 | L55: ='HARIAN KOMULATIF'!L55/100*'PROGRES BOBOT'!$J55 -> 0 | M55: ='HARIAN KOMULATIF'!M55/100*'PROGRES BOBOT'!$J55 -> 0 | N55: ='HARIAN KOMULATIF'!N55/100*'PROGRES BOBOT'!$J55 -> 0 | O55: ='HARIAN KOMULATIF'!O55/100*'PROGRES BOBOT'!$J55 -> 0 | P55: ='HARIAN KOMULATIF'!P55/100*'PROGRES BOBOT'!$J55 -> 0 | Q55: ='HARIAN KOMULATIF'!Q55/100*'PROGRES BOBOT'!$J55 -> 0 | R55: ='HARIAN KOMULATIF'!R55/100*'PROGRES BOBOT'!$J55 -> 0 | ... CX55: ='HARIAN KOMULATIF'!CX55/100*'PROGRES BOBOT'!$J55 -> 0
B56: - Pekerjaan bekisting kolom | F56: 6.72 | G56: m² | H56: =H51 -> 87929.63 | I56: =H56*F56 -> 590887.11 | J56: =I56/I$364*100 -> 0.059088575 | K56: ='HARIAN KOMULATIF'!K56/100*'PROGRES BOBOT'!$J56 -> 0 | L56: ='HARIAN KOMULATIF'!L56/100*'PROGRES BOBOT'!$J56 -> 0 | M56: ='HARIAN KOMULATIF'!M56/100*'PROGRES BOBOT'!$J56 -> 0 | N56: ='HARIAN KOMULATIF'!N56/100*'PROGRES BOBOT'!$J56 -> 0 | O56: ='HARIAN KOMULATIF'!O56/100*'PROGRES BOBOT'!$J56 -> 0 | P56: ='HARIAN KOMULATIF'!P56/100*'PROGRES BOBOT'!$J56 -> 0 | Q56: ='HARIAN KOMULATIF'!Q56/100*'PROGRES BOBOT'!$J56 -> 0 | R56: ='HARIAN KOMULATIF'!R56/100*'PROGRES BOBOT'!$J56 -> 0 | ... CX56: ='HARIAN KOMULATIF'!CX56/100*'PROGRES BOBOT'!$J56 -> 0
B57: - Pekerjaan pembesian ulir | F57: 63.013205 | G57: kg | H57: =H52 -> 12818.52 | I57: =H57*F57 -> 807736.03 | J57: =I57/I$364*100 -> 0.080773416 | K57: ='HARIAN KOMULATIF'!K57/100*'PROGRES BOBOT'!$J57 -> 0 | L57: ='HARIAN KOMULATIF'!L57/100*'PROGRES BOBOT'!$J57 -> 0 | M57: ='HARIAN KOMULATIF'!M57/100*'PROGRES BOBOT'!$J57 -> 0 | N57: ='HARIAN KOMULATIF'!N57/100*'PROGRES BOBOT'!$J57 -> 0 | O57: ='HARIAN KOMULATIF'!O57/100*'PROGRES BOBOT'!$J57 -> 0 | P57: ='HARIAN KOMULATIF'!P57/100*'PROGRES BOBOT'!$J57 -> 0 | Q57: ='HARIAN KOMULATIF'!Q57/100*'PROGRES BOBOT'!$J57 -> 0 | R57: ='HARIAN KOMULATIF'!R57/100*'PROGRES BOBOT'!$J57 -> 0 | ... CX57: ='HARIAN KOMULATIF'!CX57/100*'PROGRES BOBOT'!$J57 -> 0
B58: - Pekerjaan pembesian polos | F58: 34.601334 | G58: kg | H58: =H53 -> 11876.74 | I58: =H58*F58 -> 410951.04 | J58: =I58/I$364*100 -> 0.04109501 | K58: ='HARIAN KOMULATIF'!K58/100*'PROGRES BOBOT'!$J58 -> 0 | L58: ='HARIAN KOMULATIF'!L58/100*'PROGRES BOBOT'!$J58 -> 0 | M58: ='HARIAN KOMULATIF'!M58/100*'PROGRES BOBOT'!$J58 -> 0 | N58: ='HARIAN KOMULATIF'!N58/100*'PROGRES BOBOT'!$J58 -> 0 | O58: ='HARIAN KOMULATIF'!O58/100*'PROGRES BOBOT'!$J58 -> 0 | P58: ='HARIAN KOMULATIF'!P58/100*'PROGRES BOBOT'!$J58 -> 0 | Q58: ='HARIAN KOMULATIF'!Q58/100*'PROGRES BOBOT'!$J58 -> 0 | R58: ='HARIAN KOMULATIF'!R58/100*'PROGRES BOBOT'!$J58 -> 0 | ... CX58: ='HARIAN KOMULATIF'!CX58/100*'PROGRES BOBOT'!$J58 -> 0
A59: 15 | B59: Pekerjaan sloof 15 x 25 cm | K59: ='HARIAN KOMULATIF'!K59/100*'PROGRES BOBOT'!$J59 -> 0 | L59: ='HARIAN KOMULATIF'!L59/100*'PROGRES BOBOT'!$J59 -> 0 | M59: ='HARIAN KOMULATIF'!M59/100*'PROGRES BOBOT'!$J59 -> 0 | N59: ='HARIAN KOMULATIF'!N59/100*'PROGRES BOBOT'!$J59 -> 0 | O59: ='HARIAN KOMULATIF'!O59/100*'PROGRES BOBOT'!$J59 -> 0 | P59: ='HARIAN KOMULATIF'!P59/100*'PROGRES BOBOT'!$J59 -> 0 | Q59: ='HARIAN KOMULATIF'!Q59/100*'PROGRES BOBOT'!$J59 -> 0 | R59: ='HARIAN KOMULATIF'!R59/100*'PROGRES BOBOT'!$J59 -> 0 | ... CX59: ='HARIAN KOMULATIF'!CX59/100*'PROGRES BOBOT'!$J59 -> 0
B60: - Pekerjaan beton K-225 | F60: 7.91 | G60: m³ | H60: =H55 -> 772596 | I60: =H60*F60 -> 6111234.4 | J60: =I60/I$364*100 -> 0.61112203 | K60: ='HARIAN KOMULATIF'!K60/100*'PROGRES BOBOT'!$J60 -> 0 | L60: ='HARIAN KOMULATIF'!L60/100*'PROGRES BOBOT'!$J60 -> 0 | M60: ='HARIAN KOMULATIF'!M60/100*'PROGRES BOBOT'!$J60 -> 0 | N60: ='HARIAN KOMULATIF'!N60/100*'PROGRES BOBOT'!$J60 -> 0 | O60: ='HARIAN KOMULATIF'!O60/100*'PROGRES BOBOT'!$J60 -> 0 | P60: ='HARIAN KOMULATIF'!P60/100*'PROGRES BOBOT'!$J60 -> 0 | Q60: ='HARIAN KOMULATIF'!Q60/100*'PROGRES BOBOT'!$J60 -> 0 | R60: ='HARIAN KOMULATIF'!R60/100*'PROGRES BOBOT'!$J60 -> 0 | ... CX60: ='HARIAN KOMULATIF'!CX60/100*'PROGRES BOBOT'!$J60 -> 0
B61: - Pekerjaan bekisting sloof | F61: 77.5 | G61: m² | H61: 87929.63 | I61: =H61*F61 -> 6814546.3 | J61: =I61/I$364*100 -> 0.68145306 | K61: ='HARIAN KOMULATIF'!K61/100*'PROGRES BOBOT'!$J61 -> 0 | L61: ='HARIAN KOMULATIF'!L61/100*'PROGRES BOBOT'!$J61 -> 0 | M61: ='HARIAN KOMULATIF'!M61/100*'PROGRES BOBOT'!$J61 -> 0 | N61: ='HARIAN KOMULATIF'!N61/100*'PROGRES BOBOT'!$J61 -> 0 | O61: ='HARIAN KOMULATIF'!O61/100*'PROGRES BOBOT'!$J61 -> 0 | P61: ='HARIAN KOMULATIF'!P61/100*'PROGRES BOBOT'!$J61 -> 0 | Q61: ='HARIAN KOMULATIF'!Q61/100*'PROGRES BOBOT'!$J61 -> 0 | R61: ='HARIAN KOMULATIF'!R61/100*'PROGRES BOBOT'!$J61 -> 0 | ... CX61: ='HARIAN KOMULATIF'!CX61/100*'PROGRES BOBOT'!$J61 -> 0
B62: - Pekerjaan pembesian ulir | F62: 645.9687 | G62: kg | H62: =H57 -> 12818.52 | I62: =H62*F62 -> 8280362.7 | J62: =I62/I$364*100 -> 0.82803436 | K62: ='HARIAN KOMULATIF'!K62/100*'PROGRES BOBOT'!$J62 -> 0 | L62: ='HARIAN KOMULATIF'!L62/100*'PROGRES BOBOT'!$J62 -> 0 | M62: ='HARIAN KOMULATIF'!M62/100*'PROGRES BOBOT'!$J62 -> 0 | N62: ='HARIAN KOMULATIF'!N62/100*'PROGRES BOBOT'!$J62 -> 0 | O62: ='HARIAN KOMULATIF'!O62/100*'PROGRES BOBOT'!$J62 -> 0 | P62: ='HARIAN KOMULATIF'!P62/100*'PROGRES BOBOT'!$J62 -> 0 | Q62: ='HARIAN KOMULATIF'!Q62/100*'PROGRES BOBOT'!$J62 -> 0 | R62: ='HARIAN KOMULATIF'!R62/100*'PROGRES BOBOT'!$J62 -> 0 | ... CX62: ='HARIAN KOMULATIF'!CX62/100*'PROGRES BOBOT'!$J62 -> 0
B63: - Pekerjaan pembesian polos | F63: 235.67542 | G63: kg | H63: =H58 -> 11876.74 | I63: =H63*F63 -> 2799055.7 | J63: =I63/I$364*100 -> 0.27990493 | K63: ='HARIAN KOMULATIF'!K63/100*'PROGRES BOBOT'!$J63 -> 0 | L63: ='HARIAN KOMULATIF'!L63/100*'PROGRES BOBOT'!$J63 -> 0 | M63: ='HARIAN KOMULATIF'!M63/100*'PROGRES BOBOT'!$J63 -> 0 | N63: ='HARIAN KOMULATIF'!N63/100*'PROGRES BOBOT'!$J63 -> 0 | O63: ='HARIAN KOMULATIF'!O63/100*'PROGRES BOBOT'!$J63 -> 0 | P63: ='HARIAN KOMULATIF'!P63/100*'PROGRES BOBOT'!$J63 -> 0 | Q63: ='HARIAN KOMULATIF'!Q63/100*'PROGRES BOBOT'!$J63 -> 0 | R63: ='HARIAN KOMULATIF'!R63/100*'PROGRES BOBOT'!$J63 -> 0 | ... CX63: ='HARIAN KOMULATIF'!CX63/100*'PROGRES BOBOT'!$J63 -> 0
A64: 16 | B64: Pekerjaan wiremesh 1 layer M 8 | F64: 457.259 | G64: m² | H64: 30000 | I64: =H64*F64 -> 13717770 | J64: =I64/I$364*100 -> 1.3717738 | K64: ='HARIAN KOMULATIF'!K64/100*'PROGRES BOBOT'!$J64 -> 0 | L64: ='HARIAN KOMULATIF'!L64/100*'PROGRES BOBOT'!$J64 -> 0 | M64: ='HARIAN KOMULATIF'!M64/100*'PROGRES BOBOT'!$J64 -> 0 | N64: ='HARIAN KOMULATIF'!N64/100*'PROGRES BOBOT'!$J64 -> 0 | O64: ='HARIAN KOMULATIF'!O64/100*'PROGRES BOBOT'!$J64 -> 0 | P64: ='HARIAN KOMULATIF'!P64/100*'PROGRES BOBOT'!$J64 -> 0 | Q64: ='HARIAN KOMULATIF'!Q64/100*'PROGRES BOBOT'!$J64 -> 0 | R64: ='HARIAN KOMULATIF'!R64/100*'PROGRES BOBOT'!$J64 -> 0 | ... CX64: ='HARIAN KOMULATIF'!CX64/100*'PROGRES BOBOT'!$J64 -> 0
A65: 17 | B65: Pekerjaan plat lantai dasar beton K-175 tebal 10 cm | F65: 52.73 | G65: m³ | H65: 746641.5 | I65: =H65*F65 -> 39370406 | J65: =I65/I$364*100 -> 3.9370316 | K65: ='HARIAN KOMULATIF'!K65/100*'PROGRES BOBOT'!$J65 -> 0 | L65: ='HARIAN KOMULATIF'!L65/100*'PROGRES BOBOT'!$J65 -> 0 | M65: ='HARIAN KOMULATIF'!M65/100*'PROGRES BOBOT'!$J65 -> 0 | N65: ='HARIAN KOMULATIF'!N65/100*'PROGRES BOBOT'!$J65 -> 0 | O65: ='HARIAN KOMULATIF'!O65/100*'PROGRES BOBOT'!$J65 -> 0 | P65: ='HARIAN KOMULATIF'!P65/100*'PROGRES BOBOT'!$J65 -> 0 | Q65: ='HARIAN KOMULATIF'!Q65/100*'PROGRES BOBOT'!$J65 -> 0 | R65: ='HARIAN KOMULATIF'!R65/100*'PROGRES BOBOT'!$J65 -> 0 | ... CX65: ='HARIAN KOMULATIF'!CX65/100*'PROGRES BOBOT'!$J65 -> 0
K66: ='HARIAN KOMULATIF'!K66/100*'PROGRES BOBOT'!$J66 -> 0 | L66: ='HARIAN KOMULATIF'!L66/100*'PROGRES BOBOT'!$J66 -> 0 | M66: ='HARIAN KOMULATIF'!M66/100*'PROGRES BOBOT'!$J66 -> 0 | N66: ='HARIAN KOMULATIF'!N66/100*'PROGRES BOBOT'!$J66 -> 0 | O66: ='HARIAN KOMULATIF'!O66/100*'PROGRES BOBOT'!$J66 -> 0 | P66: ='HARIAN KOMULATIF'!P66/100*'PROGRES BOBOT'!$J66 -> 0 | Q66: ='HARIAN KOMULATIF'!Q66/100*'PROGRES BOBOT'!$J66 -> 0 | R66: ='HARIAN KOMULATIF'!R66/100*'PROGRES BOBOT'!$J66 -> 0 | ... CX66: ='HARIAN KOMULATIF'!CX66/100*'PROGRES BOBOT'!$J66 -> 0
B67: II.2 Pekerjaan Struktur Atas | K67: ='HARIAN KOMULATIF'!K67/100*'PROGRES BOBOT'!$J67 -> 0 | L67: ='HARIAN KOMULATIF'!L67/100*'PROGRES BOBOT'!$J67 -> 0 | M67: ='HARIAN KOMULATIF'!M67/100*'PROGRES BOBOT'!$J67 -> 0 | N67: ='HARIAN KOMULATIF'!N67/100*'PROGRES BOBOT'!$J67 -> 0 | O67: ='HARIAN KOMULATIF'!O67/100*'PROGRES BOBOT'!$J67 -> 0 | P67: ='HARIAN KOMULATIF'!P67/100*'PROGRES BOBOT'!$J67 -> 0 | Q67: ='HARIAN KOMULATIF'!Q67/100*'PROGRES BOBOT'!$J67 -> 0 | R67: ='HARIAN KOMULATIF'!R67/100*'PROGRES BOBOT'!$J67 -> 0 | ... CX67: ='HARIAN KOMULATIF'!CX67/100*'PROGRES BOBOT'!$J67 -> 0
B68: II.2.1 Pekerjaan Struktur Bangunan | I68: =SUM(I70:I162) -> 98001911 | K68: ='HARIAN KOMULATIF'!K68/100*'PROGRES BOBOT'!$J68 -> 0 | L68: ='HARIAN KOMULATIF'!L68/100*'PROGRES BOBOT'!$J68 -> 0 | M68: ='HARIAN KOMULATIF'!M68/100*'PROGRES BOBOT'!$J68 -> 0 | N68: ='HARIAN KOMULATIF'!N68/100*'PROGRES BOBOT'!$J68 -> 0 | O68: ='HARIAN KOMULATIF'!O68/100*'PROGRES BOBOT'!$J68 -> 0 | P68: ='HARIAN KOMULATIF'!P68/100*'PROGRES BOBOT'!$J68 -> 0 | Q68: ='HARIAN KOMULATIF'!Q68/100*'PROGRES BOBOT'!$J68 -> 0 | R68: ='HARIAN KOMULATIF'!R68/100*'PROGRES BOBOT'!$J68 -> 0 | ... CX68: ='HARIAN KOMULATIF'!CX68/100*'PROGRES BOBOT'!$J68 -> 0
A69: 1 | B69: Pekerjaan kolom tipe K1a ukuran 25 x 30 cm elv. +4.00 | K69: ='HARIAN KOMULATIF'!K69/100*'PROGRES BOBOT'!$J69 -> 0 | L69: ='HARIAN KOMULATIF'!L69/100*'PROGRES BOBOT'!$J69 -> 0 | M69: ='HARIAN KOMULATIF'!M69/100*'PROGRES BOBOT'!$J69 -> 0 | N69: ='HARIAN KOMULATIF'!N69/100*'PROGRES BOBOT'!$J69 -> 0 | O69: ='HARIAN KOMULATIF'!O69/100*'PROGRES BOBOT'!$J69 -> 0 | P69: ='HARIAN KOMULATIF'!P69/100*'PROGRES BOBOT'!$J69 -> 0 | Q69: ='HARIAN KOMULATIF'!Q69/100*'PROGRES BOBOT'!$J69 -> 0 | R69: ='HARIAN KOMULATIF'!R69/100*'PROGRES BOBOT'!$J69 -> 0 | ... CX69: ='HARIAN KOMULATIF'!CX69/100*'PROGRES BOBOT'!$J69 -> 0
B70: - Pekerjaan beton K-225 | F70: 0.6 | G70: m³ | H70: =H50 -> 772596 | I70: =H70*F70 -> 463557.6 | J70: =I70/I$364*100 -> 0.046355653 | K70: ='HARIAN KOMULATIF'!K70/100*'PROGRES BOBOT'!$J70 -> 0 | L70: ='HARIAN KOMULATIF'!L70/100*'PROGRES BOBOT'!$J70 -> 0 | M70: ='HARIAN KOMULATIF'!M70/100*'PROGRES BOBOT'!$J70 -> 0 | N70: ='HARIAN KOMULATIF'!N70/100*'PROGRES BOBOT'!$J70 -> 0 | O70: ='HARIAN KOMULATIF'!O70/100*'PROGRES BOBOT'!$J70 -> 0 | P70: ='HARIAN KOMULATIF'!P70/100*'PROGRES BOBOT'!$J70 -> 0 | Q70: ='HARIAN KOMULATIF'!Q70/100*'PROGRES BOBOT'!$J70 -> 0 | R70: ='HARIAN KOMULATIF'!R70/100*'PROGRES BOBOT'!$J70 -> 0 | ... CX70: ='HARIAN KOMULATIF'!CX70/100*'PROGRES BOBOT'!$J70 -> 0
B71: - Pekerjaan bekisting kolom | F71: 8.8 | G71: m² | H71: =H51 -> 87929.63 | I71: =H71*F71 -> 773780.74 | J71: =I71/I$364*100 -> 0.077377896 | K71: ='HARIAN KOMULATIF'!K71/100*'PROGRES BOBOT'!$J71 -> 0 | L71: ='HARIAN KOMULATIF'!L71/100*'PROGRES BOBOT'!$J71 -> 0 | M71: ='HARIAN KOMULATIF'!M71/100*'PROGRES BOBOT'!$J71 -> 0 | N71: ='HARIAN KOMULATIF'!N71/100*'PROGRES BOBOT'!$J71 -> 0 | O71: ='HARIAN KOMULATIF'!O71/100*'PROGRES BOBOT'!$J71 -> 0 | P71: ='HARIAN KOMULATIF'!P71/100*'PROGRES BOBOT'!$J71 -> 0 | Q71: ='HARIAN KOMULATIF'!Q71/100*'PROGRES BOBOT'!$J71 -> 0 | R71: ='HARIAN KOMULATIF'!R71/100*'PROGRES BOBOT'!$J71 -> 0 | ... CX71: ='HARIAN KOMULATIF'!CX71/100*'PROGRES BOBOT'!$J71 -> 0
B72: - Pekerjaan pembesian ulir | F72: 75.349123 | G72: kg | H72: =H52 -> 12818.52 | I72: =H72*F72 -> 965864.24 | J72: =I72/I$364*100 -> 0.096586202 | K72: ='HARIAN KOMULATIF'!K72/100*'PROGRES BOBOT'!$J72 -> 0 | L72: ='HARIAN KOMULATIF'!L72/100*'PROGRES BOBOT'!$J72 -> 0 | M72: ='HARIAN KOMULATIF'!M72/100*'PROGRES BOBOT'!$J72 -> 0 | N72: ='HARIAN KOMULATIF'!N72/100*'PROGRES BOBOT'!$J72 -> 0 | O72: ='HARIAN KOMULATIF'!O72/100*'PROGRES BOBOT'!$J72 -> 0 | P72: ='HARIAN KOMULATIF'!P72/100*'PROGRES BOBOT'!$J72 -> 0 | Q72: ='HARIAN KOMULATIF'!Q72/100*'PROGRES BOBOT'!$J72 -> 0 | R72: ='HARIAN KOMULATIF'!R72/100*'PROGRES BOBOT'!$J72 -> 0 | ... CX72: ='HARIAN KOMULATIF'!CX72/100*'PROGRES BOBOT'!$J72 -> 0
B73: - Pekerjaan pembesian polos | F73: 32.224504 | G73: kg | H73: =H53 -> 11876.74 | I73: =H73*F73 -> 382722.06 | J73: =I73/I$364*100 -> 0.038272118 | K73: ='HARIAN KOMULATIF'!K73/100*'PROGRES BOBOT'!$J73 -> 0 | L73: ='HARIAN KOMULATIF'!L73/100*'PROGRES BOBOT'!$J73 -> 0 | M73: ='HARIAN KOMULATIF'!M73/100*'PROGRES BOBOT'!$J73 -> 0 | N73: ='HARIAN KOMULATIF'!N73/100*'PROGRES BOBOT'!$J73 -> 0 | O73: ='HARIAN KOMULATIF'!O73/100*'PROGRES BOBOT'!$J73 -> 0 | P73: ='HARIAN KOMULATIF'!P73/100*'PROGRES BOBOT'!$J73 -> 0 | Q73: ='HARIAN KOMULATIF'!Q73/100*'PROGRES BOBOT'!$J73 -> 0 | R73: ='HARIAN KOMULATIF'!R73/100*'PROGRES BOBOT'!$J73 -> 0 | ... CX73: ='HARIAN KOMULATIF'!CX73/100*'PROGRES BOBOT'!$J73 -> 0
A74: 2 | B74: Pekerjaan kolom tipe K1a ukuran 25 x 30 cm elv. +2.00 | K74: ='HARIAN KOMULATIF'!K74/100*'PROGRES BOBOT'!$J74 -> 0 | L74: ='HARIAN KOMULATIF'!L74/100*'PROGRES BOBOT'!$J74 -> 0 | M74: ='HARIAN KOMULATIF'!M74/100*'PROGRES BOBOT'!$J74 -> 0 | N74: ='HARIAN KOMULATIF'!N74/100*'PROGRES BOBOT'!$J74 -> 0 | O74: ='HARIAN KOMULATIF'!O74/100*'PROGRES BOBOT'!$J74 -> 0 | P74: ='HARIAN KOMULATIF'!P74/100*'PROGRES BOBOT'!$J74 -> 0 | Q74: ='HARIAN KOMULATIF'!Q74/100*'PROGRES BOBOT'!$J74 -> 0 | R74: ='HARIAN KOMULATIF'!R74/100*'PROGRES BOBOT'!$J74 -> 0 | ... CX74: ='HARIAN KOMULATIF'!CX74/100*'PROGRES BOBOT'!$J74 -> 0
B75: - Pekerjaan beton K-225 | F75: 0.3 | G75: m³ | H75: =H70 -> 772596 | I75: =H75*F75 -> 231778.8 | J75: =I75/I$364*100 -> 0.023177827 | K75: ='HARIAN KOMULATIF'!K75/100*'PROGRES BOBOT'!$J75 -> 0 | L75: ='HARIAN KOMULATIF'!L75/100*'PROGRES BOBOT'!$J75 -> 0 | M75: ='HARIAN KOMULATIF'!M75/100*'PROGRES BOBOT'!$J75 -> 0 | N75: ='HARIAN KOMULATIF'!N75/100*'PROGRES BOBOT'!$J75 -> 0 | O75: ='HARIAN KOMULATIF'!O75/100*'PROGRES BOBOT'!$J75 -> 0 | P75: ='HARIAN KOMULATIF'!P75/100*'PROGRES BOBOT'!$J75 -> 0 | Q75: ='HARIAN KOMULATIF'!Q75/100*'PROGRES BOBOT'!$J75 -> 0 | R75: ='HARIAN KOMULATIF'!R75/100*'PROGRES BOBOT'!$J75 -> 0 | ... CX75: ='HARIAN KOMULATIF'!CX75/100*'PROGRES BOBOT'!$J75 -> 0
B76: - Pekerjaan bekisting kolom | F76: 4.4 | G76: m² | H76: =H71 -> 87929.63 | I76: =H76*F76 -> 386890.37 | J76: =I76/I$364*100 -> 0.038688948 | K76: ='HARIAN KOMULATIF'!K76/100*'PROGRES BOBOT'!$J76 -> 0 | L76: ='HARIAN KOMULATIF'!L76/100*'PROGRES BOBOT'!$J76 -> 0 | M76: ='HARIAN KOMULATIF'!M76/100*'PROGRES BOBOT'!$J76 -> 0 | N76: ='HARIAN KOMULATIF'!N76/100*'PROGRES BOBOT'!$J76 -> 0 | O76: ='HARIAN KOMULATIF'!O76/100*'PROGRES BOBOT'!$J76 -> 0 | P76: ='HARIAN KOMULATIF'!P76/100*'PROGRES BOBOT'!$J76 -> 0 | Q76: ='HARIAN KOMULATIF'!Q76/100*'PROGRES BOBOT'!$J76 -> 0 | R76: ='HARIAN KOMULATIF'!R76/100*'PROGRES BOBOT'!$J76 -> 0 | ... CX76: ='HARIAN KOMULATIF'!CX76/100*'PROGRES BOBOT'!$J76 -> 0
B77: - Pekerjaan pembesian ulir | F77: 42.008803 | G77: kg | H77: =H72 -> 12818.52 | I77: =H77*F77 -> 538490.68 | J77: =I77/I$364*100 -> 0.053848944 | K77: ='HARIAN KOMULATIF'!K77/100*'PROGRES BOBOT'!$J77 -> 0 | L77: ='HARIAN KOMULATIF'!L77/100*'PROGRES BOBOT'!$J77 -> 0 | M77: ='HARIAN KOMULATIF'!M77/100*'PROGRES BOBOT'!$J77 -> 0 | N77: ='HARIAN KOMULATIF'!N77/100*'PROGRES BOBOT'!$J77 -> 0 | O77: ='HARIAN KOMULATIF'!O77/100*'PROGRES BOBOT'!$J77 -> 0 | P77: ='HARIAN KOMULATIF'!P77/100*'PROGRES BOBOT'!$J77 -> 0 | Q77: ='HARIAN KOMULATIF'!Q77/100*'PROGRES BOBOT'!$J77 -> 0 | R77: ='HARIAN KOMULATIF'!R77/100*'PROGRES BOBOT'!$J77 -> 0 | ... CX77: ='HARIAN KOMULATIF'!CX77/100*'PROGRES BOBOT'!$J77 -> 0
B78: - Pekerjaan pembesian polos | F78: 16.505234 | G78: kg | H78: =H73 -> 11876.74 | I78: =H78*F78 -> 196028.37 | J78: =I78/I$364*100 -> 0.019602792 | K78: ='HARIAN KOMULATIF'!K78/100*'PROGRES BOBOT'!$J78 -> 0 | L78: ='HARIAN KOMULATIF'!L78/100*'PROGRES BOBOT'!$J78 -> 0 | M78: ='HARIAN KOMULATIF'!M78/100*'PROGRES BOBOT'!$J78 -> 0 | N78: ='HARIAN KOMULATIF'!N78/100*'PROGRES BOBOT'!$J78 -> 0 | O78: ='HARIAN KOMULATIF'!O78/100*'PROGRES BOBOT'!$J78 -> 0 | P78: ='HARIAN KOMULATIF'!P78/100*'PROGRES BOBOT'!$J78 -> 0 | Q78: ='HARIAN KOMULATIF'!Q78/100*'PROGRES BOBOT'!$J78 -> 0 | R78: ='HARIAN KOMULATIF'!R78/100*'PROGRES BOBOT'!$J78 -> 0 | ... CX78: ='HARIAN KOMULATIF'!CX78/100*'PROGRES BOBOT'!$J78 -> 0
A79: 3 | B79: Pekerjaan kolom tipe K1b ukuran 25 x 30 cm elv. +4.00 | K79: ='HARIAN KOMULATIF'!K79/100*'PROGRES BOBOT'!$J79 -> 0 | L79: ='HARIAN KOMULATIF'!L79/100*'PROGRES BOBOT'!$J79 -> 0 | M79: ='HARIAN KOMULATIF'!M79/100*'PROGRES BOBOT'!$J79 -> 0 | N79: ='HARIAN KOMULATIF'!N79/100*'PROGRES BOBOT'!$J79 -> 0 | O79: ='HARIAN KOMULATIF'!O79/100*'PROGRES BOBOT'!$J79 -> 0 | P79: ='HARIAN KOMULATIF'!P79/100*'PROGRES BOBOT'!$J79 -> 0 | Q79: ='HARIAN KOMULATIF'!Q79/100*'PROGRES BOBOT'!$J79 -> 0 | R79: ='HARIAN KOMULATIF'!R79/100*'PROGRES BOBOT'!$J79 -> 0 | ... CX79: ='HARIAN KOMULATIF'!CX79/100*'PROGRES BOBOT'!$J79 -> 0
B80: - Pekerjaan beton K-225 | F80: 2.1 | G80: m³ | H80: =H75 -> 772596 | I80: =H80*F80 -> 1622451.6 | J80: =I80/I$364*100 -> 0.16224479 | K80: ='HARIAN KOMULATIF'!K80/100*'PROGRES BOBOT'!$J80 -> 0 | L80: ='HARIAN KOMULATIF'!L80/100*'PROGRES BOBOT'!$J80 -> 0 | M80: ='HARIAN KOMULATIF'!M80/100*'PROGRES BOBOT'!$J80 -> 0 | N80: ='HARIAN KOMULATIF'!N80/100*'PROGRES BOBOT'!$J80 -> 0 | O80: ='HARIAN KOMULATIF'!O80/100*'PROGRES BOBOT'!$J80 -> 0 | P80: ='HARIAN KOMULATIF'!P80/100*'PROGRES BOBOT'!$J80 -> 0 | Q80: ='HARIAN KOMULATIF'!Q80/100*'PROGRES BOBOT'!$J80 -> 0 | R80: ='HARIAN KOMULATIF'!R80/100*'PROGRES BOBOT'!$J80 -> 0 | ... CX80: ='HARIAN KOMULATIF'!CX80/100*'PROGRES BOBOT'!$J80 -> 0
B81: - Pekerjaan bekisting kolom | F81: 30.8 | G81: m² | H81: =H76 -> 87929.63 | I81: =H81*F81 -> 2708232.6 | J81: =I81/I$364*100 -> 0.27082264 | K81: ='HARIAN KOMULATIF'!K81/100*'PROGRES BOBOT'!$J81 -> 0 | L81: ='HARIAN KOMULATIF'!L81/100*'PROGRES BOBOT'!$J81 -> 0 | M81: ='HARIAN KOMULATIF'!M81/100*'PROGRES BOBOT'!$J81 -> 0 | N81: ='HARIAN KOMULATIF'!N81/100*'PROGRES BOBOT'!$J81 -> 0 | O81: ='HARIAN KOMULATIF'!O81/100*'PROGRES BOBOT'!$J81 -> 0 | P81: ='HARIAN KOMULATIF'!P81/100*'PROGRES BOBOT'!$J81 -> 0 | Q81: ='HARIAN KOMULATIF'!Q81/100*'PROGRES BOBOT'!$J81 -> 0 | R81: ='HARIAN KOMULATIF'!R81/100*'PROGRES BOBOT'!$J81 -> 0 | ... CX81: ='HARIAN KOMULATIF'!CX81/100*'PROGRES BOBOT'!$J81 -> 0
B82: - Pekerjaan pembesian ulir | F82: 263.72193 | G82: kg | H82: =H77 -> 12818.52 | I82: =H82*F82 -> 3380524.8 | J82: =I82/I$364*100 -> 0.33805171 | K82: ='HARIAN KOMULATIF'!K82/100*'PROGRES BOBOT'!$J82 -> 0 | L82: ='HARIAN KOMULATIF'!L82/100*'PROGRES BOBOT'!$J82 -> 0 | M82: ='HARIAN KOMULATIF'!M82/100*'PROGRES BOBOT'!$J82 -> 0 | N82: ='HARIAN KOMULATIF'!N82/100*'PROGRES BOBOT'!$J82 -> 0 | O82: ='HARIAN KOMULATIF'!O82/100*'PROGRES BOBOT'!$J82 -> 0 | P82: ='HARIAN KOMULATIF'!P82/100*'PROGRES BOBOT'!$J82 -> 0 | Q82: ='HARIAN KOMULATIF'!Q82/100*'PROGRES BOBOT'!$J82 -> 0 | R82: ='HARIAN KOMULATIF'!R82/100*'PROGRES BOBOT'!$J82 -> 0 | ... CX82: ='HARIAN KOMULATIF'!CX82/100*'PROGRES BOBOT'!$J82 -> 0
B83: - Pekerjaan pembesian polos | F83: 112.78577 | G83: kg | H83: =H78 -> 11876.74 | I83: =H83*F83 -> 1339527.2 | J83: =I83/I$364*100 -> 0.13395241 | K83: ='HARIAN KOMULATIF'!K83/100*'PROGRES BOBOT'!$J83 -> 0 | L83: ='HARIAN KOMULATIF'!L83/100*'PROGRES BOBOT'!$J83 -> 0 | M83: ='HARIAN KOMULATIF'!M83/100*'PROGRES BOBOT'!$J83 -> 0 | N83: ='HARIAN KOMULATIF'!N83/100*'PROGRES BOBOT'!$J83 -> 0 | O83: ='HARIAN KOMULATIF'!O83/100*'PROGRES BOBOT'!$J83 -> 0 | P83: ='HARIAN KOMULATIF'!P83/100*'PROGRES BOBOT'!$J83 -> 0 | Q83: ='HARIAN KOMULATIF'!Q83/100*'PROGRES BOBOT'!$J83 -> 0 | R83: ='HARIAN KOMULATIF'!R83/100*'PROGRES BOBOT'!$J83 -> 0 | ... CX83: ='HARIAN KOMULATIF'!CX83/100*'PROGRES BOBOT'!$J83 -> 0
A84: 4 | B84: Pekerjaan kolom tipe K1b ukuran 25 x 30 cm elv. +2.00 | K84: ='HARIAN KOMULATIF'!K84/100*'PROGRES BOBOT'!$J84 -> 0 | L84: ='HARIAN KOMULATIF'!L84/100*'PROGRES BOBOT'!$J84 -> 0 | M84: ='HARIAN KOMULATIF'!M84/100*'PROGRES BOBOT'!$J84 -> 0 | N84: ='HARIAN KOMULATIF'!N84/100*'PROGRES BOBOT'!$J84 -> 0 | O84: ='HARIAN KOMULATIF'!O84/100*'PROGRES BOBOT'!$J84 -> 0 | P84: ='HARIAN KOMULATIF'!P84/100*'PROGRES BOBOT'!$J84 -> 0 | Q84: ='HARIAN KOMULATIF'!Q84/100*'PROGRES BOBOT'!$J84 -> 0 | R84: ='HARIAN KOMULATIF'!R84/100*'PROGRES BOBOT'!$J84 -> 0 | ... CX84: ='HARIAN KOMULATIF'!CX84/100*'PROGRES BOBOT'!$J84 -> 0
B85: - Pekerjaan beton K-225 | F85: 1.05 | G85: m³ | H85: =H80 -> 772596 | I85: =H85*F85 -> 811225.8 | J85: =I85/I$364*100 -> 0.081122393 | K85: ='HARIAN KOMULATIF'!K85/100*'PROGRES BOBOT'!$J85 -> 0 | L85: ='HARIAN KOMULATIF'!L85/100*'PROGRES BOBOT'!$J85 -> 0 | M85: ='HARIAN KOMULATIF'!M85/100*'PROGRES BOBOT'!$J85 -> 0 | N85: ='HARIAN KOMULATIF'!N85/100*'PROGRES BOBOT'!$J85 -> 0 | O85: ='HARIAN KOMULATIF'!O85/100*'PROGRES BOBOT'!$J85 -> 0 | P85: ='HARIAN KOMULATIF'!P85/100*'PROGRES BOBOT'!$J85 -> 0 | Q85: ='HARIAN KOMULATIF'!Q85/100*'PROGRES BOBOT'!$J85 -> 0 | R85: ='HARIAN KOMULATIF'!R85/100*'PROGRES BOBOT'!$J85 -> 0 | ... CX85: ='HARIAN KOMULATIF'!CX85/100*'PROGRES BOBOT'!$J85 -> 0
B86: - Pekerjaan bekisting kolom | F86: 38.4 | G86: m² | H86: =H81 -> 87929.63 | I86: =H86*F86 -> 3376497.8 | J86: =I86/I$364*100 -> 0.337649 | K86: ='HARIAN KOMULATIF'!K86/100*'PROGRES BOBOT'!$J86 -> 0 | L86: ='HARIAN KOMULATIF'!L86/100*'PROGRES BOBOT'!$J86 -> 0 | M86: ='HARIAN KOMULATIF'!M86/100*'PROGRES BOBOT'!$J86 -> 0 | N86: ='HARIAN KOMULATIF'!N86/100*'PROGRES BOBOT'!$J86 -> 0 | O86: ='HARIAN KOMULATIF'!O86/100*'PROGRES BOBOT'!$J86 -> 0 | P86: ='HARIAN KOMULATIF'!P86/100*'PROGRES BOBOT'!$J86 -> 0 | Q86: ='HARIAN KOMULATIF'!Q86/100*'PROGRES BOBOT'!$J86 -> 0 | R86: ='HARIAN KOMULATIF'!R86/100*'PROGRES BOBOT'!$J86 -> 0 | ... CX86: ='HARIAN KOMULATIF'!CX86/100*'PROGRES BOBOT'!$J86 -> 0
B87: - Pekerjaan pembesian ulir | F87: 147.03081 | G87: kg | H87: =H82 -> 12818.52 | I87: =H87*F87 -> 1884717.4 | J87: =I87/I$364*100 -> 0.1884713 | K87: ='HARIAN KOMULATIF'!K87/100*'PROGRES BOBOT'!$J87 -> 0 | L87: ='HARIAN KOMULATIF'!L87/100*'PROGRES BOBOT'!$J87 -> 0 | M87: ='HARIAN KOMULATIF'!M87/100*'PROGRES BOBOT'!$J87 -> 0 | N87: ='HARIAN KOMULATIF'!N87/100*'PROGRES BOBOT'!$J87 -> 0 | O87: ='HARIAN KOMULATIF'!O87/100*'PROGRES BOBOT'!$J87 -> 0 | P87: ='HARIAN KOMULATIF'!P87/100*'PROGRES BOBOT'!$J87 -> 0 | Q87: ='HARIAN KOMULATIF'!Q87/100*'PROGRES BOBOT'!$J87 -> 0 | R87: ='HARIAN KOMULATIF'!R87/100*'PROGRES BOBOT'!$J87 -> 0 | ... CX87: ='HARIAN KOMULATIF'!CX87/100*'PROGRES BOBOT'!$J87 -> 0
B88: - Pekerjaan pembesian polos | F88: 137.77 | G88: kg | H88: =H83 -> 11876.74 | I88: =H88*F88 -> 1636258.5 | J88: =I88/I$364*100 -> 0.16362547 | K88: ='HARIAN KOMULATIF'!K88/100*'PROGRES BOBOT'!$J88 -> 0 | L88: ='HARIAN KOMULATIF'!L88/100*'PROGRES BOBOT'!$J88 -> 0 | M88: ='HARIAN KOMULATIF'!M88/100*'PROGRES BOBOT'!$J88 -> 0 | N88: ='HARIAN KOMULATIF'!N88/100*'PROGRES BOBOT'!$J88 -> 0 | O88: ='HARIAN KOMULATIF'!O88/100*'PROGRES BOBOT'!$J88 -> 0 | P88: ='HARIAN KOMULATIF'!P88/100*'PROGRES BOBOT'!$J88 -> 0 | Q88: ='HARIAN KOMULATIF'!Q88/100*'PROGRES BOBOT'!$J88 -> 0 | R88: ='HARIAN KOMULATIF'!R88/100*'PROGRES BOBOT'!$J88 -> 0 | ... CX88: ='HARIAN KOMULATIF'!CX88/100*'PROGRES BOBOT'!$J88 -> 0
A89: 5 | B89: Pekerjaan kolom tipe K2 ukuran 20 x 20 cm elv. +4.00 | K89: ='HARIAN KOMULATIF'!K89/100*'PROGRES BOBOT'!$J89 -> 0 | L89: ='HARIAN KOMULATIF'!L89/100*'PROGRES BOBOT'!$J89 -> 0 | M89: ='HARIAN KOMULATIF'!M89/100*'PROGRES BOBOT'!$J89 -> 0 | N89: ='HARIAN KOMULATIF'!N89/100*'PROGRES BOBOT'!$J89 -> 0 | O89: ='HARIAN KOMULATIF'!O89/100*'PROGRES BOBOT'!$J89 -> 0 | P89: ='HARIAN KOMULATIF'!P89/100*'PROGRES BOBOT'!$J89 -> 0 | Q89: ='HARIAN KOMULATIF'!Q89/100*'PROGRES BOBOT'!$J89 -> 0 | R89: ='HARIAN KOMULATIF'!R89/100*'PROGRES BOBOT'!$J89 -> 0 | ... CX89: ='HARIAN KOMULATIF'!CX89/100*'PROGRES BOBOT'!$J89 -> 0
B90: - Pekerjaan beton K-225 | F90: 0.32 | G90: m³ | H90: =H85 -> 772596 | I90: =H90*F90 -> 247230.72 | J90: =I90/I$364*100 -> 0.024723015 | K90: ='HARIAN KOMULATIF'!K90/100*'PROGRES BOBOT'!$J90 -> 0 | L90: ='HARIAN KOMULATIF'!L90/100*'PROGRES BOBOT'!$J90 -> 0 | M90: ='HARIAN KOMULATIF'!M90/100*'PROGRES BOBOT'!$J90 -> 0 | N90: ='HARIAN KOMULATIF'!N90/100*'PROGRES BOBOT'!$J90 -> 0 | O90: ='HARIAN KOMULATIF'!O90/100*'PROGRES BOBOT'!$J90 -> 0 | P90: ='HARIAN KOMULATIF'!P90/100*'PROGRES BOBOT'!$J90 -> 0 | Q90: ='HARIAN KOMULATIF'!Q90/100*'PROGRES BOBOT'!$J90 -> 0 | R90: ='HARIAN KOMULATIF'!R90/100*'PROGRES BOBOT'!$J90 -> 0 | ... CX90: ='HARIAN KOMULATIF'!CX90/100*'PROGRES BOBOT'!$J90 -> 0
B91: - Pekerjaan bekisting kolom | F91: 6.4 | G91: m² | H91: =H86 -> 87929.63 | I91: =H91*F91 -> 562749.63 | J91: =I91/I$364*100 -> 0.056274833 | K91: ='HARIAN KOMULATIF'!K91/100*'PROGRES BOBOT'!$J91 -> 0 | L91: ='HARIAN KOMULATIF'!L91/100*'PROGRES BOBOT'!$J91 -> 0 | M91: ='HARIAN KOMULATIF'!M91/100*'PROGRES BOBOT'!$J91 -> 0 | N91: ='HARIAN KOMULATIF'!N91/100*'PROGRES BOBOT'!$J91 -> 0 | O91: ='HARIAN KOMULATIF'!O91/100*'PROGRES BOBOT'!$J91 -> 0 | P91: ='HARIAN KOMULATIF'!P91/100*'PROGRES BOBOT'!$J91 -> 0 | Q91: ='HARIAN KOMULATIF'!Q91/100*'PROGRES BOBOT'!$J91 -> 0 | R91: ='HARIAN KOMULATIF'!R91/100*'PROGRES BOBOT'!$J91 -> 0 | ... CX91: ='HARIAN KOMULATIF'!CX91/100*'PROGRES BOBOT'!$J91 -> 0
B92: - Pekerjaan pembesian ulir | F92: 37.674562 | G92: kg | H92: =H87 -> 12818.52 | I92: =H92*F92 -> 482932.12 | J92: =I92/I$364*100 -> 0.048293101 | K92: ='HARIAN KOMULATIF'!K92/100*'PROGRES BOBOT'!$J92 -> 0 | L92: ='HARIAN KOMULATIF'!L92/100*'PROGRES BOBOT'!$J92 -> 0 | M92: ='HARIAN KOMULATIF'!M92/100*'PROGRES BOBOT'!$J92 -> 0 | N92: ='HARIAN KOMULATIF'!N92/100*'PROGRES BOBOT'!$J92 -> 0 | O92: ='HARIAN KOMULATIF'!O92/100*'PROGRES BOBOT'!$J92 -> 0 | P92: ='HARIAN KOMULATIF'!P92/100*'PROGRES BOBOT'!$J92 -> 0 | Q92: ='HARIAN KOMULATIF'!Q92/100*'PROGRES BOBOT'!$J92 -> 0 | R92: ='HARIAN KOMULATIF'!R92/100*'PROGRES BOBOT'!$J92 -> 0 | ... CX92: ='HARIAN KOMULATIF'!CX92/100*'PROGRES BOBOT'!$J92 -> 0
B93: - Pekerjaan pembesian polos | F93: 22.518328 | G93: kg | H93: =H88 -> 11876.74 | I93: =H93*F93 -> 267444.33 | J93: =I93/I$364*100 -> 0.026744371 | K93: ='HARIAN KOMULATIF'!K93/100*'PROGRES BOBOT'!$J93 -> 0 | L93: ='HARIAN KOMULATIF'!L93/100*'PROGRES BOBOT'!$J93 -> 0 | M93: ='HARIAN KOMULATIF'!M93/100*'PROGRES BOBOT'!$J93 -> 0 | N93: ='HARIAN KOMULATIF'!N93/100*'PROGRES BOBOT'!$J93 -> 0 | O93: ='HARIAN KOMULATIF'!O93/100*'PROGRES BOBOT'!$J93 -> 0 | P93: ='HARIAN KOMULATIF'!P93/100*'PROGRES BOBOT'!$J93 -> 0 | Q93: ='HARIAN KOMULATIF'!Q93/100*'PROGRES BOBOT'!$J93 -> 0 | R93: ='HARIAN KOMULATIF'!R93/100*'PROGRES BOBOT'!$J93 -> 0 | ... CX93: ='HARIAN KOMULATIF'!CX93/100*'PROGRES BOBOT'!$J93 -> 0
A94: 6 | B94: Pekerjaan kolom tipe K2 ukuran 20 x 20 cm elv. +3.20 | K94: ='HARIAN KOMULATIF'!K94/100*'PROGRES BOBOT'!$J94 -> 0 | L94: ='HARIAN KOMULATIF'!L94/100*'PROGRES BOBOT'!$J94 -> 0 | M94: ='HARIAN KOMULATIF'!M94/100*'PROGRES BOBOT'!$J94 -> 0 | N94: ='HARIAN KOMULATIF'!N94/100*'PROGRES BOBOT'!$J94 -> 0 | O94: ='HARIAN KOMULATIF'!O94/100*'PROGRES BOBOT'!$J94 -> 0 | P94: ='HARIAN KOMULATIF'!P94/100*'PROGRES BOBOT'!$J94 -> 0 | Q94: ='HARIAN KOMULATIF'!Q94/100*'PROGRES BOBOT'!$J94 -> 0 | R94: ='HARIAN KOMULATIF'!R94/100*'PROGRES BOBOT'!$J94 -> 0 | ... CX94: ='HARIAN KOMULATIF'!CX94/100*'PROGRES BOBOT'!$J94 -> 0
B95: - Pekerjaan beton K-225 | F95: 0.128 | G95: m³ | H95: =H90 -> 772596 | I95: =H95*F95 -> 98892.288 | J95: =I95/I$364*100 -> 0.009889206 | K95: ='HARIAN KOMULATIF'!K95/100*'PROGRES BOBOT'!$J95 -> 0 | L95: ='HARIAN KOMULATIF'!L95/100*'PROGRES BOBOT'!$J95 -> 0 | M95: ='HARIAN KOMULATIF'!M95/100*'PROGRES BOBOT'!$J95 -> 0 | N95: ='HARIAN KOMULATIF'!N95/100*'PROGRES BOBOT'!$J95 -> 0 | O95: ='HARIAN KOMULATIF'!O95/100*'PROGRES BOBOT'!$J95 -> 0 | P95: ='HARIAN KOMULATIF'!P95/100*'PROGRES BOBOT'!$J95 -> 0 | Q95: ='HARIAN KOMULATIF'!Q95/100*'PROGRES BOBOT'!$J95 -> 0 | R95: ='HARIAN KOMULATIF'!R95/100*'PROGRES BOBOT'!$J95 -> 0 | ... CX95: ='HARIAN KOMULATIF'!CX95/100*'PROGRES BOBOT'!$J95 -> 0
B96: - Pekerjaan bekisting kolom | F96: 2.56 | G96: m² | H96: =H91 -> 87929.63 | I96: =H96*F96 -> 225099.85 | J96: =I96/I$364*100 -> 0.022509933 | K96: ='HARIAN KOMULATIF'!K96/100*'PROGRES BOBOT'!$J96 -> 0 | L96: ='HARIAN KOMULATIF'!L96/100*'PROGRES BOBOT'!$J96 -> 0 | M96: ='HARIAN KOMULATIF'!M96/100*'PROGRES BOBOT'!$J96 -> 0 | N96: ='HARIAN KOMULATIF'!N96/100*'PROGRES BOBOT'!$J96 -> 0 | O96: ='HARIAN KOMULATIF'!O96/100*'PROGRES BOBOT'!$J96 -> 0 | P96: ='HARIAN KOMULATIF'!P96/100*'PROGRES BOBOT'!$J96 -> 0 | Q96: ='HARIAN KOMULATIF'!Q96/100*'PROGRES BOBOT'!$J96 -> 0 | R96: ='HARIAN KOMULATIF'!R96/100*'PROGRES BOBOT'!$J96 -> 0 | ... CX96: ='HARIAN KOMULATIF'!CX96/100*'PROGRES BOBOT'!$J96 -> 0
B97: - Pekerjaan pembesian ulir | F97: 15.503249 | G97: kg | H97: =H92 -> 12818.52 | I97: =H97*F97 -> 198728.7 | J97: =I97/I$364*100 -> 0.019872825 | K97: ='HARIAN KOMULATIF'!K97/100*'PROGRES BOBOT'!$J97 -> 0 | L97: ='HARIAN KOMULATIF'!L97/100*'PROGRES BOBOT'!$J97 -> 0 | M97: ='HARIAN KOMULATIF'!M97/100*'PROGRES BOBOT'!$J97 -> 0 | N97: ='HARIAN KOMULATIF'!N97/100*'PROGRES BOBOT'!$J97 -> 0 | O97: ='HARIAN KOMULATIF'!O97/100*'PROGRES BOBOT'!$J97 -> 0 | P97: ='HARIAN KOMULATIF'!P97/100*'PROGRES BOBOT'!$J97 -> 0 | Q97: ='HARIAN KOMULATIF'!Q97/100*'PROGRES BOBOT'!$J97 -> 0 | R97: ='HARIAN KOMULATIF'!R97/100*'PROGRES BOBOT'!$J97 -> 0 | ... CX97: ='HARIAN KOMULATIF'!CX97/100*'PROGRES BOBOT'!$J97 -> 0
B98: - Pekerjaan pembesian polos | F98: 9.0622541 | G98: kg | H98: =H93 -> 11876.74 | I98: =H98*F98 -> 107630.04 | J98: =I98/I$364*100 -> 0.010762979 | K98: ='HARIAN KOMULATIF'!K98/100*'PROGRES BOBOT'!$J98 -> 0 | L98: ='HARIAN KOMULATIF'!L98/100*'PROGRES BOBOT'!$J98 -> 0 | M98: ='HARIAN KOMULATIF'!M98/100*'PROGRES BOBOT'!$J98 -> 0 | N98: ='HARIAN KOMULATIF'!N98/100*'PROGRES BOBOT'!$J98 -> 0 | O98: ='HARIAN KOMULATIF'!O98/100*'PROGRES BOBOT'!$J98 -> 0 | P98: ='HARIAN KOMULATIF'!P98/100*'PROGRES BOBOT'!$J98 -> 0 | Q98: ='HARIAN KOMULATIF'!Q98/100*'PROGRES BOBOT'!$J98 -> 0 | R98: ='HARIAN KOMULATIF'!R98/100*'PROGRES BOBOT'!$J98 -> 0 | ... CX98: ='HARIAN KOMULATIF'!CX98/100*'PROGRES BOBOT'!$J98 -> 0
A99: 7 | B99: Pekerjaan kolom tipe K2 ukuran 20 x 20 cm elv. +2.00 | K99: ='HARIAN KOMULATIF'!K99/100*'PROGRES BOBOT'!$J99 -> 0 | L99: ='HARIAN KOMULATIF'!L99/100*'PROGRES BOBOT'!$J99 -> 0 | M99: ='HARIAN KOMULATIF'!M99/100*'PROGRES BOBOT'!$J99 -> 0 | N99: ='HARIAN KOMULATIF'!N99/100*'PROGRES BOBOT'!$J99 -> 0 | O99: ='HARIAN KOMULATIF'!O99/100*'PROGRES BOBOT'!$J99 -> 0 | P99: ='HARIAN KOMULATIF'!P99/100*'PROGRES BOBOT'!$J99 -> 0 | Q99: ='HARIAN KOMULATIF'!Q99/100*'PROGRES BOBOT'!$J99 -> 0 | R99: ='HARIAN KOMULATIF'!R99/100*'PROGRES BOBOT'!$J99 -> 0 | ... CX99: ='HARIAN KOMULATIF'!CX99/100*'PROGRES BOBOT'!$J99 -> 0
B100: - Pekerjaan beton K-225 | F100: 0.24 | G100: m³ | H100: =H95 -> 772596 | I100: =H100*F100 -> 185423.04 | J100: =I100/I$364*100 -> 0.018542261 | K100: ='HARIAN KOMULATIF'!K100/100*'PROGRES BOBOT'!$J100 -> 0 | L100: ='HARIAN KOMULATIF'!L100/100*'PROGRES BOBOT'!$J100 -> 0 | M100: ='HARIAN KOMULATIF'!M100/100*'PROGRES BOBOT'!$J100 -> 0 | N100: ='HARIAN KOMULATIF'!N100/100*'PROGRES BOBOT'!$J100 -> 0 | O100: ='HARIAN KOMULATIF'!O100/100*'PROGRES BOBOT'!$J100 -> 0 | P100: ='HARIAN KOMULATIF'!P100/100*'PROGRES BOBOT'!$J100 -> 0 | Q100: ='HARIAN KOMULATIF'!Q100/100*'PROGRES BOBOT'!$J100 -> 0 | R100: ='HARIAN KOMULATIF'!R100/100*'PROGRES BOBOT'!$J100 -> 0 | ... CX100: ='HARIAN KOMULATIF'!CX100/100*'PROGRES BOBOT'!$J100 -> 0
B101: - Pekerjaan bekisting kolom | F101: 4.8 | G101: m² | H101: =H96 -> 87929.63 | I101: =H101*F101 -> 422062.22 | J101: =I101/I$364*100 -> 0.042206125 | K101: ='HARIAN KOMULATIF'!K101/100*'PROGRES BOBOT'!$J101 -> 0 | L101: ='HARIAN KOMULATIF'!L101/100*'PROGRES BOBOT'!$J101 -> 0 | M101: ='HARIAN KOMULATIF'!M101/100*'PROGRES BOBOT'!$J101 -> 0 | N101: ='HARIAN KOMULATIF'!N101/100*'PROGRES BOBOT'!$J101 -> 0 | O101: ='HARIAN KOMULATIF'!O101/100*'PROGRES BOBOT'!$J101 -> 0 | P101: ='HARIAN KOMULATIF'!P101/100*'PROGRES BOBOT'!$J101 -> 0 | Q101: ='HARIAN KOMULATIF'!Q101/100*'PROGRES BOBOT'!$J101 -> 0 | R101: ='HARIAN KOMULATIF'!R101/100*'PROGRES BOBOT'!$J101 -> 0 | ... CX101: ='HARIAN KOMULATIF'!CX101/100*'PROGRES BOBOT'!$J101 -> 0
B102: - Pekerjaan pembesian ulir | F102: 31.506602 | G102: kg | H102: =H97 -> 12818.52 | I102: =H102*F102 -> 403868.01 | J102: =I102/I$364*100 -> 0.040386708 | K102: ='HARIAN KOMULATIF'!K102/100*'PROGRES BOBOT'!$J102 -> 0 | L102: ='HARIAN KOMULATIF'!L102/100*'PROGRES BOBOT'!$J102 -> 0 | M102: ='HARIAN KOMULATIF'!M102/100*'PROGRES BOBOT'!$J102 -> 0 | N102: ='HARIAN KOMULATIF'!N102/100*'PROGRES BOBOT'!$J102 -> 0 | O102: ='HARIAN KOMULATIF'!O102/100*'PROGRES BOBOT'!$J102 -> 0 | P102: ='HARIAN KOMULATIF'!P102/100*'PROGRES BOBOT'!$J102 -> 0 | Q102: ='HARIAN KOMULATIF'!Q102/100*'PROGRES BOBOT'!$J102 -> 0 | R102: ='HARIAN KOMULATIF'!R102/100*'PROGRES BOBOT'!$J102 -> 0 | ... CX102: ='HARIAN KOMULATIF'!CX102/100*'PROGRES BOBOT'!$J102 -> 0
B103: - Pekerjaan pembesian polos | F103: 17.300667 | G103: kg | H103: =H98 -> 11876.74 | I103: =H103*F103 -> 205475.52 | J103: =I103/I$364*100 -> 0.020547505 | K103: ='HARIAN KOMULATIF'!K103/100*'PROGRES BOBOT'!$J103 -> 0 | L103: ='HARIAN KOMULATIF'!L103/100*'PROGRES BOBOT'!$J103 -> 0 | M103: ='HARIAN KOMULATIF'!M103/100*'PROGRES BOBOT'!$J103 -> 0 | N103: ='HARIAN KOMULATIF'!N103/100*'PROGRES BOBOT'!$J103 -> 0 | O103: ='HARIAN KOMULATIF'!O103/100*'PROGRES BOBOT'!$J103 -> 0 | P103: ='HARIAN KOMULATIF'!P103/100*'PROGRES BOBOT'!$J103 -> 0 | Q103: ='HARIAN KOMULATIF'!Q103/100*'PROGRES BOBOT'!$J103 -> 0 | R103: ='HARIAN KOMULATIF'!R103/100*'PROGRES BOBOT'!$J103 -> 0 | ... CX103: ='HARIAN KOMULATIF'!CX103/100*'PROGRES BOBOT'!$J103 -> 0
...

Sheet GRAFIK S
A1: GRAFIK "S" HARIAN
A3: PEKERJAAN | D3: : PEMBANGUNAN KOPERASI MERAH PUTIH PT. AGRINAS PANGAN NUSANTARA (PERSERO)
A4: LOKASI | D4: : PROVINSI JAWA TENGAH
A5: TAHUN ANGGARAN | D5: : 2025
A7: NO | B7: URAIAN PEKERJAAN | F7: VOLUME | G7: SATUAN | H7: HARGA SATUAN | I7: JUMLAH HARGA SATUAN | J7: NILAI BOBOT (%) | K7: NOVEMBER | AO7: DESEMBER | BT7: JANUARI
K8: SAB | L8: MING | M8: SEN | N8: SEL | O8: RAB | P8: KAM | Q8: JUM | R8: SAB | S8: MING | T8: SEN | U8: SEL | V8: RAB | W8: KAM | X8: JUM | Y8: SAB | Z8: MING | AA8: SEN | AB8: SEL | AC8: RAB | AD8: KAM | AE8: JUM | AF8: SAB | AG8: MING | AH8: SEN | AI8: SEL | AJ8: RAB | AK8: KAM | AL8: JUM | AM8: SAB | AN8: MING | AO8: SEN | AP8: SEL | AQ8: RAB | AR8: KAM | AS8: JUM | AT8: SAB | AU8: MING | AV8: SEN | AW8: SEL | AX8: RAB | AY8: KAM | AZ8: JUM | BA8: SAB | BB8: MING | BC8: SEN | BD8: SEL | BE8: RAB | BF8: KAM | BG8: JUM | BH8: SAB | BI8: MING | BJ8: SEN | BK8: SEL | BL8: RAB | BM8: KAM | BN8: JUM | BO8: SAB | BP8: MING | BQ8: SEN | BR8: SEL | BS8: RAB | BT8: KAM | BU8: JUM | BV8: SAB | BW8: MING | BX8: SEN | BY8: SEL | BZ8: RAB | CA8: KAM | CB8: JUM | CC8: SAB | CD8: MING | CE8: SEN | CF8: SEL | CG8: RAB | CH8: KAM | CI8: JUM | CJ8: SAB | CK8: MING | CL8: SEN | CM8: SEL | CN8: RAB | CO8: KAM | CP8: JUM | CQ8: SAB | CR8: MING | CS8: SEN | CT8: SEL | CU8: RAB | CV8: KAM | CW8: JUM | CX8: SAB
H9: (Rp) | I9: (Rp) | K9: 1 | L9: 2 | M9: 3 | N9: 4 | O9: 5 | P9: 6 | Q9: 7 | R9: 8 | S9: 9 | T9: 10 | U9: 11 | V9: 12 | W9: 13 | X9: 14 | Y9: 15 | Z9: 16 | AA9: 17 | AB9: 18 | AC9: 19 | AD9: 20 | AE9: 21 | AF9: 22 | AG9: 23 | AH9: 24 | AI9: 25 | AJ9: 26 | AK9: 27 | AL9: 28 | AM9: 29 | AN9: 30 | AO9: 1 | AP9: 2 | AQ9: 3 | AR9: 4 | AS9: 5 | AT9: 6 | AU9: 7 | AV9: 8 | AW9: 9 | AX9: 10 | AY9: 11 | AZ9: 12 | BA9: 13 | BB9: 14 | BC9: 15 | BD9: 16 | BE9: 17 | BF9: 18 | BG9: 19 | BH9: 20 | BI9: 21 | BJ9: 22 | BK9: 23 | BL9: 24 | BM9: 25 | BN9: 26 | BO9: 27 | BP9: 28 | BQ9: 29 | BR9: 30 | BS9: 31 | BT9: 1 | BU9: 2 | BV9: 3 | BW9: 4 | BX9: 5 | BY9: 6 | BZ9: 7 | CA9: 8 | CB9: 9 | CC9: 10 | CD9: 11 | CE9: 12 | CF9: 13 | CG9: 14 | CH9: 15 | CI9: 16 | CJ9: 17 | CK9: 18 | CL9: 19 | CM9: 20 | CN9: 21 | CO9: 22 | CP9: 23 | CQ9: 24 | CR9: 25 | CS9: 26 | CT9: 27 | CU9: 28 | CV9: 29 | CW9: 30 | CX9: 31
A11: I | B11: PEKERJAAN PERSIAPAN | I11: =SUM(I12:I13) -> 21788295 | J11: =SUM(J12:J13) -> 2.1788245 | K11: =J11/4 -> 0.54470612 | L11: =K11 -> 0.54470612 | M11: =L11 -> 0.54470612 | N11: =M11 -> 0.54470612 | CY11: 100
A12: 1 | B12: Pengukuran dan pasang bouwplank | F12: 60.3 | G12: m' | H12: 78900 | I12: =H12*F12 -> 4757670 | J12: =I12/I$374*100 -> 0.4757659 | K12: 10 | L12: 60 | M12: 10 | N12: 20
A13: 2 | B13: Pembersihan lahan awal sampai akhir pekerjaan | F13: 908.3 | G13: m² | H13: 18750 | I13: =H13*F13 -> 17030625 | J13: =I13/I$374*100 -> 1.7030586 | K13: 25 | L13: 50
A18: II | B18: PEKERJAAN STRUKTUR | J18: =SUM(J20:J213) -> 51.056568 | O18: =J18/50 -> 1.0211314 | P18: =O18 -> 1.0211314 | Q18: =P18 -> 1.0211314 | R18: =Q18 -> 1.0211314 | S18: =R18 -> 1.0211314 | T18: =S18 -> 1.0211314 | U18: =T18 -> 1.0211314 | V18: =U18 -> 1.0211314 | W18: =V18 -> 1.0211314 | ... BL18: =BK18 -> 1.0211314
B19: II.1 Pekerjaan Struktur Bawah | I19: =SUM(I20:I68) -> 1.6194539e+08
A20: 1 | B20: Pekerjaan galian tanah pondasi footplat | F20: 70.78 | G20: m³ | H20: 70180 | I20: =H20*F20 -> 4967340.4 | J20: =I20/I$374*100 -> 0.49673289
A21: 2 | B21: Pekerjaan urugan tanah kembali pondasi footplat | F21: 18.594 | G21: m³ | H21: 46750 | I21: =H21*F21 -> 869269.5 | J21: =I21/I$374*100 -> 0.08692675
A22: 3 | B22: Pekerjaan lantai kerja bawah pondasi footplat | F22: 2.32425 | G22: m³ | H22: 735328 | I22: =H22*F22 -> 1709086.1 | J22: =I22/I$374*100 -> 0.17090822
A23: 4 | B23: Pekerjaan galian tanah pondasi batu belah | F23: 19.8 | G23: m³ | H23: 70180 | I23: =H23*F23 -> 1389564 | J23: =I23/I$374*100 -> 0.13895608
A24: 5 | B24: Pekerjaan lantai kerja bawah pondasi batu belah | F24: 4.65 | G24: m³ | H24: 735328 | I24: =H24*F24 -> 3419275.2 | J24: =I24/I$374*100 -> 0.34192673
A25: 6 | B25: Pekerjaan pondasi batu belah | F25: 27.9 | G25: m³ | H25: 654079.58 | I25: =H25*F25 -> 18248820 | J25: =I25/I$374*100 -> 1.8248778
A26: 7 | B26: Pekerjaan urugan tanah peninggian lantai termasuk pemadatan tanah | F26: 256 | G26: m³ | H26: 65802 | I26: =H26*F26 -> 16845312 | J26: =I26/I$374*100 -> 1.6845273
A27: 8 | B27: Pekerjaan pondasi footplat tipe F1a
B28: - Pekerjaan beton K-225 | F28: 5.76 | G28: m³ | H28: 772596 | I28: =H28*F28 -> 4450153 | J28: =I28/I$374*100 -> 0.44501427
B29: - Pekerjaan bekisting pondasi | F29: 7 | G29: m² | H29: 87929.63 | I29: =H29*F29 -> 615507.41 | J29: =I29/I$374*100 -> 0.061550599
B30: - Pekerjaan pembesian ulir | F30: 180.52116 | G30: kg | H30: 12818.52 | I30: =H30*F30 -> 2314014.1 | J30: =I30/I$374*100 -> 0.23140088
B31: - Pekerjaan pembesian polos | F31: 90.016497 | G31: kg | H31: 11876.74 | I31: =H31*F31 -> 1069102.5 | J31: =I31/I$374*100 -> 0.10691001
A32: 9 | B32: Pekerjaan pondasi footplat tipe F1b
B33: - Pekerjaan beton K-225 | F33: 4.55 | G33: m³ | H33: =H28 -> 772596 | I33: =H33*F33 -> 3515311.8 | J33: =I33/I$374*100 -> 0.35153037
B34: - Pekerjaan bekisting pondasi | F34: 9 | G34: m² | H34: =H29 -> 87929.63 | I34: =H34*F34 -> 791366.67 | J34: =I34/I$374*100 -> 0.079136485
B35: - Pekerjaan pembesian ulir | F35: 232.09864 | G35: kg | H35: =H30 -> 12818.52 | I35: =H35*F35 -> 2975161 | J35: =I35/I$374*100 -> 0.29751542
B36: - Pekerjaan pembesian polos | F36: 121.03838 | G36: kg | H36: =H31 -> 11876.74 | I36: =H36*F36 -> 1437541.4 | J36: =I36/I$374*100 -> 0.14375381
A37: 10 | B37: Pekerjaan pondasi footplat tipe F1c
B38: - Pekerjaan beton K-225 | F38: 0.78875 | G38: m³ | H38: =H33 -> 772596 | I38: =H38*F38 -> 609385.1 | J38: =I38/I$374*100 -> 0.060938369
B39: - Pekerjaan bekisting pondasi | F39: 2 | G39: m² | H39: =H34 -> 87929.63 | I39: =H39*F39 -> 175859.26 | J39: =I39/I$374*100 -> 0.017585885
B40: - Pekerjaan pembesian ulir | F40: 51.577475 | G40: kg | H40: =H35 -> 12818.52 | I40: =H40*F40 -> 661146.9 | J40: =I40/I$374*100 -> 0.066114537
B41: - Pekerjaan pembesian polos | F41: 26.897418 | G41: kg | H41: =H36 -> 11876.74 | I41: =H41*F41 -> 319453.64 | J41: =I41/I$374*100 -> 0.031945291
A42: 11 | B42: Pekerjaan pondasi footplat tipe F2
B43: - Pekerjaan beton K-225 | F43: 1.512 | G43: m³ | H43: =H38 -> 772596 | I43: =H43*F43 -> 1168165.2 | J43: =I43/I$374*100 -> 0.11681625
B44: - Pekerjaan bekisting pondasi | F44: 4.8 | G44: m² | H44: =H39 -> 87929.63 | I44: =H44*F44 -> 422062.22 | J44: =I44/I$374*100 -> 0.042206125
B45: - Pekerjaan pembesian ulir | F45: 103.13828 | G45: kg | H45: =H40 -> 12818.52 | I45: =H45*F45 -> 1322080.1 | J45: =I45/I$374*100 -> 0.13220771
B46: - Pekerjaan pembesian polos | F46: 51.835715 | G46: kg | H46: =H41 -> 11876.74 | I46: =H46*F46 -> 615639.3 | J46: =I46/I$374*100 -> 0.061563789
A47: 12 | B47: Pekerjaan kolom pedestal tipe K1a ukuran 25 x 30 cm
B48: - Pekerjaan beton K-225 | F48: 0.42 | G48: m³ | H48: =H43 -> 772596 | I48: =H48*F48 -> 324490.32 | J48: =I48/I$374*100 -> 0.032448957
B49: - Pekerjaan bekisting kolom | F49: 6.16 | G49: m² | H49: 87929.63 | I49: =H49*F49 -> 541646.52 | J49: =I49/I$374*100 -> 0.054164527
B50: - Pekerjaan pembesian ulir | F50: 84.017606 | G50: kg | H50: =H45 -> 12818.52 | I50: =H50*F50 -> 1076981.4 | J50: =I50/I$374*100 -> 0.10769789
B51: - Pekerjaan pembesian polos | F51: 33.010468 | G51: kg | H51: =H46 -> 11876.74 | I51: =H51*F51 -> 392056.74 | J51: =I51/I$374*100 -> 0.039205584
A52: 13 | B52: Pekerjaan kolom pedestal tipe K1b ukuran 25 x 30 cm
B53: - Pekerjaan beton K-225 | F53: 2.77 | G53: m³ | H53: =H48 -> 772596 | I53: =H53*F53 -> 2140090.9 | J53: =I53/I$374*100 -> 0.2140086
B54: - Pekerjaan bekisting kolom | F54: 21.56 | G54: m² | H54: =H49 -> 87929.63 | I54: =H54*F54 -> 1895762.8 | J54: =I54/I$374*100 -> 0.18957585
B55: - Pekerjaan pembesian ulir | F55: 294.06162 | G55: kg | H55: =H50 -> 12818.52 | I55: =H55*F55 -> 3769434.8 | J55: =I55/I$374*100 -> 0.37694261
B56: - Pekerjaan pembesian polos | F56: 230.01 | G56: kg | H56: =H51 -> 11876.74 | I56: =H56*F56 -> 2731769 | J56: =I56/I$374*100 -> 0.27317627
A57: 14 | B57: Pekerjaan kolom pedestal K2 ukuran 20 x 20 cm
B58: - Pekerjaan beton K-225 | F58: 0.336 | G58: m³ | H58: =H53 -> 772596 | I58: =H58*F58 -> 259592.26 | J58: =I58/I$374*100 -> 0.025959166
B59: - Pekerjaan bekisting kolom | F59: 6.72 | G59: m² | H59: =H54 -> 87929.63 | I59: =H59*F59 -> 590887.11 | J59: =I59/I$374*100 -> 0.059088575
B60: - Pekerjaan pembesian ulir | F60: 63.013205 | G60: kg | H60: =H55 -> 12818.52 | I60: =H60*F60 -> 807736.03 | J60: =I60/I$374*100 -> 0.080773416
B61: - Pekerjaan pembesian polos | F61: 34.601334 | G61: kg | H61: =H56 -> 11876.74 | I61: =H61*F61 -> 410951.04 | J61: =I61/I$374*100 -> 0.04109501
A62: 15 | B62: Pekerjaan sloof 15 x 25 cm
B63: - Pekerjaan beton K-225 | F63: 7.91 | G63: m³ | H63: =H58 -> 772596 | I63: =H63*F63 -> 6111234.4 | J63: =I63/I$374*100 -> 0.61112203
B64: - Pekerjaan bekisting sloof | F64: 77.5 | G64: m² | H64: 87929.63 | I64: =H64*F64 -> 6814546.3 | J64: =I64/I$374*100 -> 0.68145306
B65: - Pekerjaan pembesian ulir | F65: 645.9687 | G65: kg | H65: =H60 -> 12818.52 | I65: =H65*F65 -> 8280362.7 | J65: =I65/I$374*100 -> 0.82803436
B66: - Pekerjaan pembesian polos | F66: 235.67542 | G66: kg | H66: =H61 -> 11876.74 | I66: =H66*F66 -> 2799055.7 | J66: =I66/I$374*100 -> 0.27990493
A67: 16 | B67: Pekerjaan wiremesh 1 layer M 8 | F67: 457.259 | G67: m² | H67: 30000 | I67: =H67*F67 -> 13717770 | J67: =I67/I$374*100 -> 1.3717738
A68: 17 | B68: Pekerjaan plat lantai dasar beton K-175 tebal 10 cm | F68: 52.73 | G68: m³ | H68: 746641.5 | I68: =H68*F68 -> 39370406 | J68: =I68/I$374*100 -> 3.9370316
B70: II.2 Pekerjaan Struktur Atas
B71: II.2.1 Pekerjaan Struktur Bangunan | I71: =SUM(I73:I165) -> 98001911
A72: 1 | B72: Pekerjaan kolom tipe K1a ukuran 25 x 30 cm elv. +4.00
B73: - Pekerjaan beton K-225 | F73: 0.6 | G73: m³ | H73: =H53 -> 772596 | I73: =H73*F73 -> 463557.6 | J73: =I73/I$374*100 -> 0.046355653
B74: - Pekerjaan bekisting kolom | F74: 8.8 | G74: m² | H74: =H54 -> 87929.63 | I74: =H74*F74 -> 773780.74 | J74: =I74/I$374*100 -> 0.077377896
B75: - Pekerjaan pembesian ulir | F75: 75.349123 | G75: kg | H75: =H55 -> 12818.52 | I75: =H75*F75 -> 965864.24 | J75: =I75/I$374*100 -> 0.096586202
B76: - Pekerjaan pembesian polos | F76: 32.224504 | G76: kg | H76: =H56 -> 11876.74 | I76: =H76*F76 -> 382722.06 | J76: =I76/I$374*100 -> 0.038272118
A77: 2 | B77: Pekerjaan kolom tipe K1a ukuran 25 x 30 cm elv. +2.00
B78: - Pekerjaan beton K-225 | F78: 0.3 | G78: m³ | H78: =H73 -> 772596 | I78: =H78*F78 -> 231778.8 | J78: =I78/I$374*100 -> 0.023177827
B79: - Pekerjaan bekisting kolom | F79: 4.4 | G79: m² | H79: =H74 -> 87929.63 | I79: =H79*F79 -> 386890.37 | J79: =I79/I$374*100 -> 0.038688948
B80: - Pekerjaan pembesian ulir | F80: 42.008803 | G80: kg | H80: =H75 -> 12818.52 | I80: =H80*F80 -> 538490.68 | J80: =I80/I$374*100 -> 0.053848944
B81: - Pekerjaan pembesian polos | F81: 16.505234 | G81: kg | H81: =H76 -> 11876.74 | I81: =H81*F81 -> 196028.37 | J81: =I81/I$374*100 -> 0.019602792
A82: 3 | B82: Pekerjaan kolom tipe K1b ukuran 25 x 30 cm elv. +4.00
B83: - Pekerjaan beton K-225 | F83: 2.1 | G83: m³ | H83: =H78 -> 772596 | I83: =H83*F83 -> 1622451.6 | J83: =I83/I$374*100 -> 0.16224479
B84: - Pekerjaan bekisting kolom | F84: 30.8 | G84: m² | H84: =H79 -> 87929.63 | I84: =H84*F84 -> 2708232.6 | J84: =I84/I$374*100 -> 0.27082264
B85: - Pekerjaan pembesian ulir | F85: 263.72193 | G85: kg | H85: =H80 -> 12818.52 | I85: =H85*F85 -> 3380524.8 | J85: =I85/I$374*100 -> 0.33805171
B86: - Pekerjaan pembesian polos | F86: 112.78577 | G86: kg | H86: =H81 -> 11876.74 | I86: =H86*F86 -> 1339527.2 | J86: =I86/I$374*100 -> 0.13395241
A87: 4 | B87: Pekerjaan kolom tipe K1b ukuran 25 x 30 cm elv. +2.00
B88: - Pekerjaan beton K-225 | F88: 1.05 | G88: m³ | H88: =H83 -> 772596 | I88: =H88*F88 -> 811225.8 | J88: =I88/I$374*100 -> 0.081122393
B89: - Pekerjaan bekisting kolom | F89: 38.4 | G89: m² | H89: =H84 -> 87929.63 | I89: =H89*F89 -> 3376497.8 | J89: =I89/I$374*100 -> 0.337649
B90: - Pekerjaan pembesian ulir | F90: 147.03081 | G90: kg | H90: =H85 -> 12818.52 | I90: =H90*F90 -> 1884717.4 | J90: =I90/I$374*100 -> 0.1884713
B91: - Pekerjaan pembesian polos | F91: 137.77 | G91: kg | H91: =H86 -> 11876.74 | I91: =H91*F91 -> 1636258.5 | J91: =I91/I$374*100 -> 0.16362547
A92: 5 | B92: Pekerjaan kolom tipe K2 ukuran 20 x 20 cm elv. +4.00
B93: - Pekerjaan beton K-225 | F93: 0.32 | G93: m³ | H93: =H88 -> 772596 | I93: =H93*F93 -> 247230.72 | J93: =I93/I$374*100 -> 0.024723015
B94: - Pekerjaan bekisting kolom | F94: 6.4 | G94: m² | H94: =H89 -> 87929.63 | I94: =H94*F94 -> 562749.63 | J94: =I94/I$374*100 -> 0.056274833
B95: - Pekerjaan pembesian ulir | F95: 37.674562 | G95: kg | H95: =H90 -> 12818.52 | I95: =H95*F95 -> 482932.12 | J95: =I95/I$374*100 -> 0.048293101
B96: - Pekerjaan pembesian polos | F96: 22.518328 | G96: kg | H96: =H91 -> 11876.74 | I96: =H96*F96 -> 267444.33 | J96: =I96/I$374*100 -> 0.026744371
A97: 6 | B97: Pekerjaan kolom tipe K2 ukuran 20 x 20 cm elv. +3.20
B98: - Pekerjaan beton K-225 | F98: 0.128 | G98: m³ | H98: =H93 -> 772596 | I98: =H98*F98 -> 98892.288 | J98: =I98/I$374*100 -> 0.009889206
B99: - Pekerjaan bekisting kolom | F99: 2.56 | G99: m² | H99: =H94 -> 87929.63 | I99: =H99*F99 -> 225099.85 | J99: =I99/I$374*100 -> 0.022509933
B100: - Pekerjaan pembesian ulir | F100: 15.503249 | G100: kg | H100: =H95 -> 12818.52 | I100: =H100*F100 -> 198728.7 | J100: =I100/I$374*100 -> 0.019872825
B101: - Pekerjaan pembesian polos | F101: 9.0622541 | G101: kg | H101: =H96 -> 11876.74 | I101: =H101*F101 -> 107630.04 | J101: =I101/I$374*100 -> 0.010762979
A102: 7 | B102: Pekerjaan kolom tipe K2 ukuran 20 x 20 cm elv. +2.00
B103: - Pekerjaan beton K-225 | F103: 0.24 | G103: m³ | H103: =H98 -> 772596 | I103: =H103*F103 -> 185423.04 | J103: =I103/I$374*100 -> 0.018542261
B104: - Pekerjaan bekisting kolom | F104: 4.8 | G104: m² | H104: =H99 -> 87929.63 | I104: =H104*F104 -> 422062.22 | J104: =I104/I$374*100 -> 0.042206125
B105: - Pekerjaan pembesian ulir | F105: 31.506602 | G105: kg | H105: =H100 -> 12818.52 | I105: =H105*F105 -> 403868.01 | J105: =I105/I$374*100 -> 0.040386708
B106: - Pekerjaan pembesian polos | F106: 17.300667 | G106: kg | H106: =H101 -> 11876.74 | I106: =H106*F106 -> 205475.52 | J106: =I106/I$374*100 -> 0.020547505
A107: 8 | B107: Pekerjaan kolom tipe Kp ukuran 12 x 12
B108: - Pekerjaan beton K-225 | F108: 2.304 | G108: m³ | H108: =H103 -> 772596 | I108: =H108*F108 -> 1780061.2 | J108: =I108/I$374*100 -> 0.17800571
...
